episode,avg_reward,avg_r_info,avg_r_track,avg_r_action,avg_r_boundary,avg_r_collision,avg_r_uncertainty,clip_ratio,acquire,keep,lost,unlock,reacquire
1,-204.537433,-0.041280,-0.130535,-0.002723,-2.720118,0.000000,0.145394,0.462000,2,13,10,2,0
2,-183.825795,-0.001075,-0.310233,-0.003373,-1.938961,-0.012041,0.123176,0.328000,4,39,18,4,0
3,-207.416175,-0.000000,-0.119610,-0.002774,-2.483094,-0.003844,0.093460,0.412000,5,13,23,5,0
4,-140.010789,-0.022153,-0.105331,-0.002855,-2.099612,-0.002360,0.235415,0.402000,3,18,13,3,0
5,-204.849845,-0.000000,-0.184669,-0.002684,-2.625517,0.000000,0.164410,0.458000,3,18,17,3,1
6,-165.240487,-0.000000,-0.249927,-0.002971,-1.809548,-0.000276,0.120447,0.326000,3,33,21,3,0
7,-154.556626,-0.039303,-0.111422,-0.012964,-2.021150,0.000000,0.118846,0.412000,2,12,10,2,0
8,-15.990706,-0.133766,-0.043778,-0.020093,-0.437007,0.000000,0.154722,0.258000,2,14,8,2,0
9,-14.184797,-0.017848,-0.055491,-0.024983,-0.375109,0.000000,0.137411,0.276000,2,10,9,2,0
10,-95.744879,-0.097604,0.015352,-0.023741,-1.325675,0.000000,0.173693,0.362000,2,8,8,2,0
11,-24.841546,-0.171060,-0.108702,-0.027182,-0.316694,0.000000,0.124695,0.162000,2,7,10,2,0
12,-18.856599,-0.253745,-0.013623,-0.028166,-0.300438,0.000000,0.216369,0.298000,2,10,8,2,0
13,-8.528115,-0.102084,-0.012250,-0.028263,-0.284420,0.000000,0.173360,0.318000,4,19,16,4,0
14,-37.152901,-0.000000,0.047189,-0.026333,-0.627519,0.000000,0.158137,0.300000,3,18,10,2,0
15,-16.014656,-0.130144,-0.093795,-0.031526,-0.416424,0.000000,0.170872,0.258000,7,41,18,4,0
16,-22.427921,-0.103970,-0.058151,-0.032795,-0.247926,0.000000,0.123679,0.232000,5,23,14,3,0
17,-21.403338,-0.074203,-0.064043,-0.027965,-0.412216,0.000000,0.184763,0.364000,3,8,13,3,0
18,-30.049931,-0.079723,-0.156500,-0.028037,-0.374316,0.000000,0.122491,0.306000,5,15,18,4,0
19,-35.809057,-0.120708,-0.079834,-0.026642,-0.644257,0.000000,0.205803,0.324000,3,12,9,2,0
20,-15.874345,-0.138155,-0.032065,-0.029301,-0.403693,0.000000,0.118696,0.256000,3,24,9,2,0
21,-42.733516,-0.040066,-0.253814,-0.027914,-0.424221,0.000000,0.131583,0.306000,2,12,8,2,0
22,-62.728778,-0.063103,-0.112913,-0.027305,-0.723881,0.000000,0.161765,0.262000,3,15,11,2,0
23,-4.000586,-0.137082,0.240647,-0.026988,-0.377592,0.000000,0.198161,0.274000,2,19,10,2,0
24,-24.762759,-0.000000,-0.114094,-0.026712,-0.415266,0.000000,0.105811,0.238000,4,22,13,3,0
25,-22.036030,-0.065510,-0.087746,-0.026326,-0.434624,0.000000,0.192542,0.326000,2,15,9,2,0
26,-34.977864,-0.000000,-0.171125,-0.027200,-0.471054,0.000000,0.096275,0.180000,4,28,12,2,0
27,-24.489277,-0.164984,-0.023943,-0.027457,-0.393677,0.000000,0.159245,0.302000,2,13,5,1,0
28,-51.438520,-0.108125,-0.160086,-0.027635,-0.427081,0.000000,0.133705,0.246000,2,28,11,2,0
29,-62.462382,-0.168668,-0.168001,-0.027733,-0.573595,0.000000,0.143803,0.268000,3,29,14,2,0
30,-31.084580,-0.090389,0.106894,-0.027557,-0.420799,0.000000,0.119258,0.242000,3,21,15,3,0
31,-28.013800,-0.082129,-0.078221,-0.028559,-0.408478,0.000000,0.209222,0.342000,3,14,8,2,0
32,-35.711296,-0.079309,-0.074715,-0.027381,-0.508892,0.000000,0.154590,0.310000,3,19,14,3,0
33,-32.985387,-0.134292,-0.043002,-0.027127,-0.498801,0.000000,0.164042,0.312000,2,13,10,2,0
34,-23.793427,-0.242335,-0.019539,-0.025889,-0.520705,0.000000,0.172014,0.302000,3,21,13,3,0
35,-28.250859,-0.094896,-0.036164,-0.025648,-0.468233,0.000000,0.171192,0.326000,2,9,11,2,0
36,-35.446701,-0.001105,-0.296049,-0.026476,-0.439825,0.000000,0.084236,0.210000,3,46,15,3,0
37,-23.526762,-0.075523,-0.071290,-0.024126,-0.490626,0.000000,0.119939,0.220000,2,15,8,2,0
38,-21.733295,-0.030939,-0.091507,-0.023822,-0.499310,0.000000,0.126291,0.272000,2,6,10,2,0
39,-33.224695,-0.202449,-0.232475,-0.022812,-0.422567,0.000000,0.130479,0.324000,3,22,13,2,0
40,-66.689097,-0.090436,-0.034318,-0.026536,-1.077832,0.000000,0.180697,0.398000,1,7,4,1,0
41,-16.587927,-0.149040,-0.056031,-0.026966,-0.366882,0.000000,0.177781,0.340000,2,64,18,2,0
42,-19.488684,-0.020545,-0.014761,-0.024705,-0.422457,-0.009454,0.118586,0.262000,4,24,18,4,0
43,-43.460221,-0.060329,-0.103535,-0.026380,-0.360318,0.000000,0.141148,0.254000,6,42,24,4,0
44,-50.357257,-0.027726,-0.036084,-0.020238,-0.630045,0.000000,0.110884,0.244000,4,23,18,3,0
45,-25.645776,-0.046248,0.030895,-0.021237,-0.429153,0.000000,0.100405,0.214000,3,13,13,3,0
46,-7.075487,-0.164625,-0.067811,-0.023167,-0.402388,0.000000,0.169155,0.284000,2,8,10,2,0
47,-22.466677,-0.154363,0.198348,-0.024935,-0.377242,0.000000,0.119562,0.294000,5,48,15,3,0
48,-27.067204,-0.138155,-0.070260,-0.021849,-0.448565,0.000000,0.145183,0.280000,3,10,10,2,0
49,-75.731115,-0.131490,-0.035718,-0.017604,-0.922765,0.000000,0.125699,0.312000,3,23,17,3,0
50,-37.227225,-0.140763,0.003565,-0.018956,-0.583314,-0.001258,0.167681,0.308000,3,11,4,1,0
51,-30.390853,-0.035265,-0.168068,-0.022336,-0.482144,0.000000,0.128042,0.302000,3,16,14,3,0
52,-0.218020,-0.190286,0.051860,-0.027828,-0.344628,0.000000,0.179032,0.360000,5,50,24,5,0
53,-28.535228,-0.006554,0.087747,-0.024035,-0.728763,0.000000,0.177603,0.340000,3,13,10,2,0
54,-36.850807,-0.102386,-0.163029,-0.026490,-0.683146,0.000000,0.158994,0.376000,6,65,29,5,0
55,-44.778881,-0.013863,-0.082509,-0.025232,-0.815331,0.000000,0.141525,0.360000,6,49,23,4,0
56,-81.612206,-0.115104,0.007585,-0.018922,-1.149055,-0.007447,0.179045,0.342000,2,5,8,2,0
57,-39.818352,-0.069995,0.061570,-0.024444,-0.558884,0.000000,0.149188,0.306000,5,34,16,4,0
58,-92.077004,-0.053978,0.091635,-0.024160,-1.082735,0.000000,0.150704,0.322000,3,51,13,2,0
59,-67.678408,-0.053036,-0.147789,-0.026983,-0.864977,0.000000,0.105909,0.266000,4,26,16,4,0
60,-76.228758,-0.087681,-0.038587,-0.026079,-0.932920,0.000000,0.123641,0.318000,4,29,18,4,0
61,-43.027731,-0.131429,-0.000464,-0.025246,-0.930722,0.000000,0.195643,0.390000,1,5,4,1,0
62,-59.522991,-0.009740,-0.004880,-0.024524,-1.164980,0.000000,0.191699,0.330000,3,16,12,2,0
63,-62.535342,-0.078208,-0.065461,-0.026398,-0.878438,0.000000,0.193373,0.370000,1,10,4,1,0
64,-39.709309,-0.065614,-0.051428,-0.023531,-0.746178,0.000000,0.147963,0.352000,1,7,4,1,0
65,-40.890998,-0.019644,-0.041832,-0.023253,-0.800214,0.000000,0.197813,0.400000,1,5,5,1,0
66,-48.174032,0.000000,-0.152533,-0.022769,-0.771402,0.000000,0.090192,0.242000,2,10,10,2,0
67,-77.115031,-0.117499,-0.082145,-0.023271,-1.068241,0.000000,0.145212,0.310000,5,31,19,4,0
68,-35.192260,-0.138154,0.037976,-0.025163,-0.505908,0.000000,0.142007,0.334000,5,26,18,3,0
69,-73.568762,-0.096391,-0.062185,-0.021784,-0.928699,0.000000,0.127595,0.306000,3,29,13,3,0
70,-82.384383,-0.140926,-0.070802,-0.023743,-1.105028,0.000000,0.149461,0.324000,4,33,15,3,0
71,-36.716820,-0.084144,-0.018921,-0.023181,-0.719619,0.000000,0.134295,0.294000,3,15,13,3,0
72,-36.107659,-0.000000,-0.175859,-0.026799,-0.638700,0.000000,0.147818,0.280000,4,30,16,3,0
73,-45.636445,-0.140230,-0.286040,-0.030510,-0.258149,0.000000,0.094051,0.194000,3,34,19,3,0
74,-37.297132,-0.031247,-0.154182,-0.030075,-0.508020,0.000000,0.162607,0.308000,2,17,10,1,0
75,-28.012425,-0.206693,-0.076012,-0.023731,-0.619757,0.000000,0.160675,0.266000,2,9,8,2,0
76,-53.521740,-0.016768,0.026367,-0.023567,-0.644630,0.000000,0.172150,0.256000,2,17,9,2,0
77,-52.077236,-0.190668,-0.041402,-0.023359,-0.695419,0.000000,0.143038,0.224000,3,16,10,2,0
78,-43.706098,-0.063758,-0.133032,-0.026507,-0.641392,0.000000,0.154505,0.262000,2,11,10,2,0
79,-44.719908,-0.220795,-0.014922,-0.028138,-0.627961,0.000000,0.136271,0.270000,4,21,17,2,0
80,-37.367797,-0.110113,0.069915,-0.028773,-0.740380,0.000000,0.185650,0.270000,3,16,13,3,0
81,-42.419063,-0.123286,-0.144767,-0.030217,-0.662330,0.000000,0.161488,0.298000,4,42,14,2,0
82,-35.821931,-0.051827,-0.104974,-0.028365,-0.590048,0.000000,0.158476,0.248000,3,10,14,3,0
83,-84.720263,-0.000000,-0.219311,-0.022944,-0.751151,0.000000,0.088405,0.154000,5,34,24,4,0
84,-15.908401,-0.138155,0.006813,-0.028127,-0.276185,0.000000,0.144479,0.298000,4,25,11,2,0
85,-13.728968,-0.000000,-0.121462,-0.028578,-0.329063,0.000000,0.130457,0.192000,2,20,10,2,0
86,-11.784599,-0.025007,-0.097524,-0.028780,-0.322011,0.000000,0.177925,0.286000,2,19,12,2,0
87,-21.679842,-0.131132,-0.020575,-0.026678,-0.347951,0.000000,0.140955,0.248000,5,28,18,4,0
88,18.169202,-0.089227,0.220374,-0.028103,-0.274572,0.000000,0.258149,0.340000,3,9,10,2,0
89,-25.968368,-0.142054,-0.044030,-0.023273,-0.379248,0.000000,0.101256,0.164000,2,19,12,2,0
90,-22.969554,-0.252822,-0.105625,-0.026868,-0.286568,0.000000,0.104071,0.190000,4,26,16,2,0
91,-13.165633,-0.137871,0.025554,-0.029396,-0.313104,0.000000,0.124845,0.214000,4,35,16,3,1
92,12.206969,0.000000,0.090764,-0.023656,-0.396624,-0.000481,0.196000,0.280000,3,17,6,1,0
93,-26.358964,-0.035663,-0.123396,-0.022682,-0.345107,0.000000,0.144910,0.248000,4,10,13,2,0
94,-9.580342,-0.187179,0.234965,-0.026615,-0.324628,0.000000,0.161139,0.286000,3,18,9,2,0
95,-29.191360,-0.059223,0.160882,-0.026142,-0.326502,0.000000,0.176077,0.282000,3,26,7,1,0
96,-46.749093,-0.005292,-0.109947,-0.019101,-0.566101,0.000000,0.079134,0.190000,3,26,14,3,0
97,-26.970842,-0.087487,-0.118848,-0.024737,-0.302596,0.000000,0.074786,0.180000,2,36,12,2,0
98,-10.577796,-0.056367,0.101732,-0.028712,-0.299623,0.000000,0.150756,0.304000,4,21,16,3,0
99,-44.438904,-0.361607,0.122882,-0.027555,-0.341909,0.000000,0.098483,0.190000,5,55,23,3,0
100,-1.396404,-0.135457,-0.014262,-0.022995,-0.416974,-0.001319,0.200407,0.314000,1,8,4,1,0
101,-18.381555,-0.031808,-0.046243,-0.024596,-0.413195,0.000000,0.155990,0.218000,3,13,12,3,0
102,-11.647338,-0.207441,0.139468,-0.023487,-0.320354,0.000000,0.095771,0.140000,5,38,20,4,0
103,-18.916946,-0.138155,-0.200123,-0.026197,-0.319071,0.000000,0.152814,0.290000,4,19,13,3,0
104,-21.564074,-0.045848,-0.103997,-0.025803,-0.316676,-0.003483,0.117224,0.198000,3,21,12,2,0
105,-24.738894,-0.053397,-0.069330,-0.026759,-0.316713,0.000000,0.077460,0.170000,4,33,22,4,0
106,-14.246710,-0.251595,-0.033746,-0.026061,-0.331172,0.000000,0.162134,0.262000,2,23,6,1,0
107,-6.145008,-0.076436,-0.059372,-0.026414,-0.315253,0.000000,0.184595,0.276000,2,10,10,2,0
108,-22.958788,-0.092466,0.013018,-0.026772,-0.281056,0.000000,0.118603,0.214000,4,30,19,4,0
109,-14.644165,-0.260445,-0.093790,-0.024525,-0.344687,0.000000,0.118604,0.262000,6,45,24,3,0
110,-12.844424,-0.045704,-0.004503,-0.024426,-0.317412,-0.006619,0.064790,0.156000,3,20,14,3,0
111,-18.267709,-0.058611,0.004711,-0.025769,-0.316448,0.000000,0.120414,0.204000,3,14,15,3,0
112,-24.872660,-0.131590,0.199108,-0.025604,-0.374462,0.000000,0.125532,0.170000,4,53,17,3,0
113,-86.110211,-0.027873,-0.092397,-0.019883,-0.907960,0.000000,0.072633,0.166000,2,31,12,2,0
114,-26.094700,-0.138155,-0.091050,-0.024905,-0.422034,0.000000,0.137363,0.254000,5,20,21,4,0
115,-46.839300,-0.113886,0.011183,-0.019536,-0.810394,0.000000,0.136568,0.310000,2,26,12,2,0
116,-34.615118,-0.292778,-0.041094,-0.027963,-0.231881,0.000000,0.144786,0.180000,4,44,13,3,0
117,10.598851,-0.050884,0.235630,-0.029315,-0.235521,0.000000,0.193190,0.240000,3,15,13,2,0
118,-18.464357,-0.157664,0.056530,-0.030767,-0.184772,0.000000,0.223593,0.272000,4,25,18,4,0
119,2.087046,-0.062042,-0.056407,-0.028416,-0.235948,0.000000,0.186772,0.278000,3,19,11,2,0
120,6.106415,-0.133698,-0.033140,-0.025918,-0.233138,0.000000,0.192937,0.252000,2,15,10,2,0
121,-2.872385,-0.070051,-0.031528,-0.027133,-0.267646,0.000000,0.145807,0.230000,3,24,13,3,0
122,-5.386076,-0.147721,-0.031827,-0.025863,-0.283293,0.000000,0.217252,0.284000,1,10,4,1,0
123,-26.477063,-0.145682,0.086992,-0.026790,-0.326757,0.000000,0.233371,0.276000,3,30,12,2,1
124,-14.208740,-0.258908,-0.022488,-0.027005,-0.237743,0.000000,0.218294,0.208000,4,40,21,4,1
125,5.219883,0.000000,0.008644,-0.026455,-0.224286,0.000000,0.177664,0.228000,3,15,13,3,0
126,-22.959481,-0.388442,0.046134,-0.027706,-0.433987,0.000000,0.172149,0.288000,5,21,13,3,0
127,-21.337787,-0.116520,-0.151018,-0.027627,-0.294470,0.000000,0.171719,0.302000,5,28,17,2,0
128,-10.631875,-0.076020,-0.205218,-0.030270,-0.198448,0.000000,0.154183,0.286000,4,67,24,3,0
129,-21.961722,-0.028674,-0.079464,-0.025939,-0.309041,0.000000,0.187886,0.294000,2,36,9,2,0
130,-16.869337,-0.124383,-0.086595,-0.030772,-0.253688,0.000000,0.147630,0.216000,5,37,19,3,0
131,-17.541458,-0.196819,-0.067559,-0.026111,-0.254439,0.000000,0.139669,0.204000,4,46,19,3,0
132,-37.725514,-0.192504,-0.074768,-0.023992,-0.421867,0.000000,0.184887,0.210000,3,8,11,2,0
133,-2.163799,-0.163655,-0.031245,-0.030097,-0.164508,0.000000,0.193613,0.252000,3,18,16,3,0
134,-9.883180,-0.058789,-0.219199,-0.026872,-0.213500,0.000000,0.150669,0.252000,4,69,25,3,0
135,2.050980,-0.013863,-0.057341,-0.029327,-0.323789,0.000000,0.178073,0.242000,4,27,15,3,0
136,-1.258248,-0.195698,-0.041971,-0.030812,-0.177315,0.000000,0.174520,0.246000,2,20,9,2,0
137,4.871548,-0.087927,0.020479,-0.027427,-0.204657,0.000000,0.133462,0.196000,3,25,13,3,0
138,3.529314,-0.059729,0.030266,-0.023161,-0.325290,0.000000,0.191626,0.254000,1,22,10,1,0
139,-47.907216,-0.056327,-0.109438,-0.026983,-0.498972,0.000000,0.119276,0.158000,3,21,17,3,0
140,-2.987279,-0.032672,-0.069183,-0.032097,-0.163535,0.000000,0.212558,0.228000,3,38,15,2,0
141,-24.903001,-0.076484,-0.002569,-0.032051,-0.154687,0.000000,0.082969,0.136000,4,26,21,4,0
142,-26.366358,-0.280243,-0.236395,-0.032372,-0.166277,0.000000,0.156263,0.188000,6,39,22,5,0
143,7.712797,-0.047843,-0.186655,-0.031108,-0.180997,0.000000,0.203409,0.268000,2,12,8,2,0
144,2.564547,-0.136151,-0.059386,-0.032480,-0.189659,0.000000,0.179998,0.230000,5,28,17,4,0
145,9.964631,-0.189894,0.313294,-0.031092,-0.167535,0.000000,0.164620,0.232000,4,19,9,2,0
146,-30.218127,-0.196651,-0.175958,-0.031261,-0.190667,0.000000,0.175274,0.258000,4,30,18,3,1
147,0.208687,-0.158923,-0.043743,-0.032640,-0.158419,0.000000,0.163005,0.278000,2,10,4,1,0
148,-0.223808,-0.191295,-0.107867,-0.029315,-0.211052,0.000000,0.166933,0.260000,4,25,18,4,0
149,-10.315669,-0.059619,-0.174247,-0.024543,-0.292763,0.000000,0.198236,0.246000,2,25,9,2,0
150,-5.507369,-0.000000,-0.130939,-0.031150,-0.187198,0.000000,0.120571,0.236000,3,37,18,2,1
151,-17.973744,-0.057893,0.019386,-0.029339,-0.208180,0.000000,0.128112,0.166000,3,21,13,3,0
152,-3.059218,-0.047847,0.064248,-0.032709,-0.175886,0.000000,0.159641,0.256000,2,29,8,1,0
153,-21.884372,-0.251134,-0.166000,-0.029949,-0.185657,0.000000,0.145921,0.202000,4,17,14,3,0
154,-25.044876,-0.107719,-0.162235,-0.028943,-0.333506,0.000000,0.166027,0.264000,5,35,22,4,0
155,-0.635798,-0.038353,-0.065101,-0.031866,-0.188026,0.000000,0.138748,0.168000,2,15,8,2,0
156,-14.549965,-0.171858,0.130579,-0.032697,-0.172144,0.000000,0.138518,0.198000,5,35,16,3,0
157,-6.121276,-0.311139,0.051343,-0.024823,-0.337343,0.000000,0.229165,0.250000,6,29,24,5,0
158,-39.801472,-0.122362,0.035086,-0.022525,-0.516348,0.000000,0.152815,0.260000,3,40,10,2,0
159,-19.445630,-0.248368,-0.172149,-0.025230,-0.285633,0.000000,0.201162,0.300000,3,19,14,3,0
160,-17.000301,-0.190168,-0.080150,-0.028410,-0.202140,0.000000,0.172650,0.202000,4,23,17,3,1
161,-10.070294,-0.138155,-0.031714,-0.027666,-0.296414,0.000000,0.161128,0.234000,4,19,13,3,0
162,-18.441148,-0.128576,-0.017292,-0.025745,-0.634564,0.000000,0.225834,0.338000,2,8,9,2,0
163,-15.034051,-0.234336,0.022828,-0.031794,-0.203737,0.000000,0.200281,0.302000,3,20,15,3,0
164,-14.079760,-0.000000,0.082010,-0.029503,-0.204727,0.000000,0.065739,0.132000,6,31,26,5,0
165,-24.391627,-0.039729,-0.070519,-0.026238,-0.333181,0.000000,0.164359,0.288000,5,26,19,4,0
166,-34.867520,-0.052580,-0.132094,-0.025704,-0.428229,0.000000,0.154192,0.242000,2,16,10,2,0
167,-18.005217,0.000000,0.187116,-0.030225,-0.228191,0.000000,0.126657,0.206000,4,14,16,4,0
168,-19.180095,-0.018477,-0.021135,-0.027559,-0.414780,0.000000,0.177957,0.276000,3,24,15,2,0
169,-22.590427,-0.041913,0.167030,-0.023000,-0.507092,0.000000,0.146520,0.232000,2,22,13,2,0
170,-21.041327,-0.000000,-0.171490,-0.030769,-0.231107,0.000000,0.097503,0.160000,4,29,19,4,0
171,-12.894072,-0.101658,-0.137664,-0.031452,-0.237424,0.000000,0.097311,0.168000,3,18,17,3,1
172,-39.437931,-0.070227,-0.063086,-0.023744,-0.612534,0.000000,0.145698,0.296000,4,17,21,3,0
173,-2.921014,-0.131412,-0.051852,-0.025961,-0.328027,0.000000,0.193225,0.238000,2,10,10,2,0
174,-22.514840,-0.114994,-0.068660,-0.027149,-0.372544,0.000000,0.185484,0.284000,2,8,9,2,0
175,-42.571595,-0.036866,-0.152535,-0.023424,-0.446287,0.000000,0.098049,0.182000,4,36,19,4,0
176,-44.162299,-0.168250,-0.187663,-0.025236,-0.303216,0.000000,0.098113,0.170000,3,20,14,3,0
177,-42.152985,-0.194552,-0.212749,-0.024202,-0.407074,0.000000,0.137889,0.244000,4,17,18,4,0
178,-23.427630,-0.050158,0.091482,-0.024424,-0.437606,0.000000,0.181709,0.256000,3,14,13,3,0
179,-24.980090,-0.202672,-0.126969,-0.028580,-0.355940,0.000000,0.128969,0.198000,3,24,18,3,1
180,-22.299226,-0.117601,0.046113,-0.026372,-0.468841,0.000000,0.159870,0.282000,2,12,8,2,0
181,-30.005847,-0.166461,-0.090709,-0.022971,-0.524481,0.000000,0.211173,0.242000,3,21,12,3,0
182,-21.987989,-0.076741,-0.023393,-0.028123,-0.348797,0.000000,0.176294,0.292000,3,16,13,3,0
183,-7.180374,-0.000000,-0.104651,-0.028527,-0.259817,0.000000,0.170862,0.274000,3,11,12,2,1
184,-9.816143,-0.167792,-0.084013,-0.027936,-0.291763,0.000000,0.151361,0.218000,5,30,17,3,0
185,-19.711295,-0.078852,-0.037887,-0.024136,-0.357337,0.000000,0.178952,0.232000,1,5,4,1,0
186,-8.292510,-0.139272,-0.130026,-0.029829,-0.228672,0.000000,0.133353,0.200000,5,29,17,4,0
187,-0.681922,-0.135089,-0.034964,-0.028938,-0.304674,0.000000,0.231039,0.318000,1,5,4,1,0
188,-1.855425,-0.267614,-0.006706,-0.030527,-0.220929,0.000000,0.173740,0.266000,4,21,17,4,0
189,-22.216801,-0.000000,0.294126,-0.024759,-0.563747,0.000000,0.169931,0.274000,4,23,17,4,0
190,-17.765992,-0.187654,-0.018906,-0.024061,-0.353062,0.000000,0.226610,0.308000,2,14,8,2,0
191,-13.998344,-0.091940,-0.146579,-0.026494,-0.392094,0.000000,0.174346,0.292000,3,34,12,2,0
192,-16.466443,-0.050245,-0.209695,-0.029692,-0.193952,0.000000,0.144862,0.224000,4,19,14,3,0
193,-12.184480,-0.007211,0.246828,-0.026779,-0.313158,0.000000,0.164718,0.280000,4,17,14,3,0
194,-18.509672,-0.024747,-0.021132,-0.025508,-0.461564,0.000000,0.154142,0.284000,2,16,11,2,0
195,-15.725768,-0.000000,0.199298,-0.024746,-0.280327,0.000000,0.146017,0.216000,3,15,13,3,0
196,-6.087358,-0.059736,0.089260,-0.027766,-0.177009,0.000000,0.187644,0.284000,2,9,9,2,0
197,5.200489,-0.065290,-0.027715,-0.027027,-0.228709,0.000000,0.193481,0.276000,1,9,4,1,0
198,-12.034519,-0.000000,-0.140816,-0.026508,-0.347748,0.000000,0.140418,0.262000,4,23,13,3,0
199,-2.207390,-0.000000,0.057839,-0.029859,-0.237282,0.000000,0.138978,0.224000,5,32,23,4,0
200,-22.706116,-0.055045,-0.107148,-0.026035,-0.425351,0.000000,0.171464,0.250000,3,22,13,3,0
201,-18.886737,-0.089849,-0.158843,-0.028938,-0.265998,0.000000,0.165663,0.216000,4,39,18,3,0
202,-6.291320,-0.000106,-0.049093,-0.024908,-0.319231,0.000000,0.168923,0.258000,3,21,17,2,0
203,3.052490,-0.000000,-0.095991,-0.028410,-0.247837,0.000000,0.166776,0.284000,2,11,10,1,0
204,-15.966412,-0.044974,-0.020520,-0.023906,-0.306226,0.000000,0.152005,0.264000,2,14,6,1,0
205,-13.355186,-0.055737,-0.042776,-0.027279,-0.327463,0.000000,0.181471,0.268000,2,9,9,2,0
206,-14.321425,-0.214641,-0.034022,-0.024313,-0.419525,0.000000,0.222649,0.286000,2,13,5,1,0
207,-3.428199,-0.197252,-0.036611,-0.026178,-0.310154,0.000000,0.162146,0.254000,5,24,15,2,0
208,-31.857344,-0.172232,0.083391,-0.029213,-0.232385,0.000000,0.158885,0.198000,4,63,13,2,0
209,-15.630592,-0.058290,-0.247424,-0.026717,-0.361827,0.000000,0.206457,0.286000,3,24,17,3,0
210,-15.852805,-0.083800,-0.027408,-0.024570,-0.476360,0.000000,0.177463,0.226000,2,14,10,2,0
211,5.491851,-0.026661,-0.054053,-0.020706,-0.344286,0.000000,0.217720,0.302000,1,13,1,0,0
212,-14.427556,-0.027726,-0.022380,-0.024929,-0.369324,0.000000,0.192725,0.302000,3,23,10,2,0
213,-16.936986,-0.085067,-0.179642,-0.024753,-0.341368,0.000000,0.208347,0.298000,2,16,12,2,0
214,-4.059468,-0.131906,-0.017231,-0.026258,-0.349495,0.000000,0.178423,0.238000,1,7,5,1,0
215,-2.348424,-0.031063,-0.119522,-0.030011,-0.240108,-0.015524,0.214916,0.272000,4,37,18,4,0
216,-26.861908,-0.053887,-0.050866,-0.025465,-0.495603,0.000000,0.148076,0.228000,3,13,14,3,0
217,-11.987858,-0.084720,-0.082691,-0.028843,-0.305953,0.000000,0.195328,0.286000,5,20,16,3,0
218,-0.948624,-0.031046,0.088236,-0.030761,-0.197799,0.000000,0.143960,0.202000,3,20,13,3,0
219,-40.213624,-0.410085,0.000916,-0.026632,-0.526832,0.000000,0.172113,0.302000,4,37,16,3,0
220,-21.316763,-0.076407,0.172258,-0.026427,-0.307662,0.000000,0.168860,0.272000,5,29,22,4,0
221,-11.138547,-0.136915,-0.020344,-0.026681,-0.289240,0.000000,0.226618,0.290000,1,7,5,1,0
222,-15.635781,-0.028065,0.039988,-0.027759,-0.396683,0.000000,0.183869,0.286000,3,31,17,2,0
223,-5.668109,-0.038042,-0.085288,-0.027623,-0.398160,0.000000,0.222235,0.306000,2,14,10,2,0
224,-19.391128,-0.040004,-0.086907,-0.030682,-0.224292,0.000000,0.074372,0.176000,5,39,23,5,0
225,-18.599573,-0.241336,-0.091888,-0.032179,-0.179769,0.000000,0.115648,0.218000,4,46,22,3,1
226,-8.854148,-0.141710,-0.038144,-0.027408,-0.320595,0.000000,0.156929,0.194000,3,29,11,2,0
227,-3.449939,-0.000000,-0.100832,-0.025016,-0.339980,0.000000,0.186618,0.300000,2,14,8,2,0
228,-12.749753,-0.187735,-0.079772,-0.028925,-0.223604,0.000000,0.165902,0.222000,5,27,20,4,0
229,-12.357336,-0.146732,-0.054174,-0.024709,-0.417245,0.000000,0.194579,0.308000,2,12,10,2,0
230,-6.064668,-0.028830,-0.044914,-0.029331,-0.375387,0.000000,0.190401,0.290000,2,14,8,2,0
231,-23.725119,-0.092645,-0.158199,-0.029095,-0.311842,0.000000,0.178398,0.270000,3,21,17,2,0
232,-6.631703,-0.054567,-0.031114,-0.030710,-0.178531,0.000000,0.115208,0.148000,3,11,15,3,0
233,-26.207477,-0.067528,0.020019,-0.023694,-0.563681,0.000000,0.199463,0.294000,2,20,10,2,0
234,-21.409422,-0.037701,-0.039865,-0.027607,-0.443468,0.000000,0.167054,0.248000,4,22,18,4,0
235,-4.250894,-0.206243,-0.020416,-0.025682,-0.329989,0.000000,0.206682,0.232000,6,29,24,5,0
236,9.795565,-0.000000,0.036036,-0.030009,-0.178812,0.000000,0.176155,0.240000,4,28,12,3,0
237,-17.142066,-0.155469,-0.141495,-0.027672,-0.253052,0.000000,0.168473,0.232000,4,22,19,3,0
238,-14.177294,-0.163019,-0.059059,-0.026821,-0.387817,0.000000,0.240362,0.338000,2,14,8,2,0
239,-16.453483,-0.147340,-0.127222,-0.026024,-0.390955,0.000000,0.176652,0.290000,3,14,13,3,0
240,-5.749228,-0.176332,-0.092678,-0.029276,-0.287320,0.000000,0.166463,0.258000,4,31,14,3,0
241,-22.448124,-0.033512,0.128536,-0.026423,-0.471756,0.000000,0.218133,0.362000,2,22,11,2,0
242,-26.511521,-0.000000,-0.031011,-0.028211,-0.383957,0.000000,0.093723,0.192000,5,72,24,4,0
243,-16.225233,-0.070467,-0.230867,-0.033668,-0.187740,0.000000,0.150283,0.236000,3,23,14,3,0
244,-25.857827,-0.193368,-0.108957,-0.028262,-0.475509,0.000000,0.159242,0.224000,3,21,15,3,0
245,-9.675919,-0.010432,-0.053291,-0.025691,-0.408954,0.000000,0.152501,0.272000,2,7,10,2,0
246,-11.302075,-0.030746,-0.118048,-0.029108,-0.327377,0.000000,0.167543,0.256000,4,24,16,4,0
247,-17.985470,-0.042716,-0.021584,-0.023023,-0.543688,0.000000,0.200178,0.296000,1,7,4,1,0
248,-30.416771,-0.091668,-0.136963,-0.026175,-0.519837,0.000000,0.161411,0.256000,4,16,14,3,0
249,-4.315826,-0.161559,0.005986,-0.026818,-0.351054,0.000000,0.221348,0.300000,3,22,14,3,0
250,-15.377450,-0.138155,-0.086826,-0.031094,-0.221370,0.000000,0.132072,0.234000,4,20,12,2,0
251,-5.661350,-0.255762,-0.056857,-0.030364,-0.262034,0.000000,0.176300,0.266000,4,18,12,2,0
252,-42.106099,-0.018228,-0.201017,-0.026662,-0.435089,0.000000,0.131566,0.252000,5,33,26,4,1
253,-15.443634,-0.119489,0.061683,-0.027265,-0.432085,-0.007062,0.157379,0.230000,2,19,9,2,0
254,-30.094153,-0.147885,-0.084309,-0.025317,-0.499696,0.000000,0.182224,0.270000,4,21,16,3,0
255,-12.188860,-0.111209,-0.074857,-0.025605,-0.501087,0.000000,0.211316,0.278000,5,23,17,4,0
256,3.392207,-0.165854,0.240889,-0.029266,-0.249918,0.000000,0.235329,0.270000,2,10,12,2,0
257,-12.178688,-0.029505,-0.050045,-0.028424,-0.458378,0.000000,0.180847,0.200000,5,33,22,5,0
258,-1.017878,-0.135194,-0.005265,-0.026966,-0.355772,0.000000,0.239264,0.312000,1,6,5,1,0
259,2.721292,-0.138155,0.227287,-0.033194,-0.138656,0.000000,0.140040,0.230000,5,33,16,3,0
260,-14.775966,-0.023393,-0.139563,-0.030405,-0.275734,0.000000,0.121054,0.266000,5,30,25,5,0
261,-10.059297,-0.049624,-0.122952,-0.028368,-0.289537,-0.000063,0.221489,0.256000,3,15,16,3,0
262,-10.861198,-0.123785,-0.023819,-0.027169,-0.282980,0.000000,0.157995,0.228000,1,8,5,1,0
263,-12.050608,-0.138155,0.273990,-0.026552,-0.391245,0.000000,0.175201,0.284000,3,13,12,2,0
264,-31.915009,-0.098936,0.041670,-0.026666,-0.491661,0.000000,0.145275,0.234000,3,12,14,3,0
265,-1.756779,-0.024275,-0.024151,-0.028830,-0.235383,0.000000,0.172352,0.284000,2,10,8,2,0
266,-6.229219,-0.081251,-0.031574,-0.027132,-0.253760,0.000000,0.131191,0.134000,3,16,12,3,0
267,-22.744166,-0.038059,-0.156364,-0.026194,-0.427299,0.000000,0.135137,0.250000,3,17,14,3,0
268,8.038894,-0.301375,0.004242,-0.028453,-0.216872,0.000000,0.192739,0.278000,3,15,5,1,0
269,-15.870790,-0.174071,-0.142224,-0.030594,-0.296908,0.000000,0.197891,0.226000,5,52,30,4,2
270,-3.592261,-0.185279,-0.070555,-0.027579,-0.239005,0.000000,0.220568,0.278000,2,13,5,1,0
271,-49.563443,-0.077199,-0.388665,-0.027671,-0.254703,-0.012263,0.090876,0.242000,5,52,15,2,0
272,-1.938037,-0.043501,-0.016963,-0.027723,-0.295398,0.000000,0.167620,0.284000,1,7,6,1,0
273,-4.523740,-0.136486,-0.031620,-0.027268,-0.325978,0.000000,0.209079,0.292000,1,5,5,1,0
274,-13.103127,-0.021362,-0.033951,-0.026365,-0.322478,0.000000,0.152619,0.246000,1,7,4,1,0
275,-11.518296,-0.000000,-0.115567,-0.027423,-0.209474,0.000000,0.112248,0.220000,2,22,9,2,0
276,-23.718191,-0.085964,-0.213134,-0.027502,-0.319824,0.000000,0.161076,0.288000,2,23,10,1,0
277,-26.821154,-0.097680,-0.370315,-0.030409,-0.194297,0.000000,0.138494,0.184000,5,44,19,4,0
278,-2.379651,-0.088488,-0.035629,-0.027566,-0.309911,0.000000,0.172190,0.242000,1,7,5,1,0
279,-36.851787,-0.078585,-0.326701,-0.026549,-0.306256,0.000000,0.114120,0.184000,4,27,16,3,0
280,-34.026460,-0.108928,-0.176030,-0.025707,-0.356985,0.000000,0.163589,0.220000,2,15,10,2,0
281,14.876290,-0.177987,0.011720,-0.018411,-0.400664,0.000000,0.228618,0.304000,1,1,0,0,0
282,-25.352053,-0.060361,-0.041711,-0.025938,-0.362359,0.000000,0.164462,0.208000,4,23,17,2,0
283,-21.459248,-0.176460,0.033231,-0.027913,-0.224298,0.000000,0.164262,0.212000,5,33,24,5,0
284,-11.326168,-0.029673,-0.032203,-0.024716,-0.357187,0.000000,0.176810,0.224000,3,13,12,3,0
285,-9.938479,-0.030121,-0.068167,-0.026088,-0.332154,0.000000,0.155539,0.258000,4,25,11,2,0
286,-36.730794,-0.087389,-0.193261,-0.019496,-0.408134,0.000000,0.131533,0.242000,3,31,14,2,0
287,-9.034175,-0.057833,-0.045137,-0.027991,-0.212278,0.000000,0.151424,0.222000,2,13,9,2,0
288,-0.564595,-0.010842,-0.038866,-0.027449,-0.215351,0.000000,0.158930,0.246000,1,7,6,1,0
289,-9.592667,-0.229735,-0.024088,-0.025143,-0.225030,0.000000,0.118431,0.198000,3,20,9,2,0
290,-25.495076,-0.111066,0.176118,-0.027772,-0.385743,0.000000,0.134296,0.160000,3,38,20,3,1
291,-29.261456,-0.037011,-0.008687,-0.028084,-0.253578,0.000000,0.083888,0.170000,5,35,24,5,0
292,-12.564889,-0.138128,-0.025090,-0.027946,-0.229428,0.000000,0.142685,0.204000,3,45,20,3,1
293,-11.551379,-0.153338,0.051701,-0.020646,-0.423388,0.000000,0.203284,0.290000,2,7,8,2,0
294,-3.627044,-0.116755,-0.028320,-0.019400,-0.328046,0.000000,0.187030,0.256000,1,5,4,1,0
295,-8.987934,-0.109127,0.251322,-0.022815,-0.251682,0.000000,0.154783,0.240000,2,13,11,2,0
296,-28.266050,-0.141635,-0.207773,-0.022987,-0.267801,0.000000,0.164841,0.218000,3,26,12,2,0
297,-10.908741,-0.033424,-0.055147,-0.021068,-0.316032,0.000000,0.120409,0.208000,3,26,14,3,0
298,-6.554260,-0.064773,-0.083309,-0.021914,-0.298192,0.000000,0.124315,0.210000,3,24,16,2,0
299,-16.734828,-0.060795,-0.119650,-0.024930,-0.218398,0.000000,0.120781,0.208000,2,13,9,2,0
300,-15.089923,-0.048000,-0.237029,-0.037705,-0.132251,0.000000,0.123313,0.178000,4,39,19,4,0
301,-29.874168,-0.030909,-0.112801,-0.027170,-0.276145,0.000000,0.141848,0.202000,3,20,18,3,0
302,-7.671047,-0.027738,0.130560,-0.032894,-0.198117,0.000000,0.164360,0.218000,4,43,12,3,0
303,-22.770898,-0.157664,-0.191841,-0.025332,-0.236980,0.000000,0.150493,0.216000,3,23,14,3,0
304,-6.135327,-0.138155,-0.058481,-0.033899,-0.133083,0.000000,0.080638,0.142000,4,23,15,3,0
305,-5.240065,-0.097582,-0.072375,-0.023847,-0.407812,0.000000,0.197850,0.254000,3,18,14,3,0
306,0.605135,0.000000,0.196738,-0.026209,-0.220753,0.000000,0.154172,0.244000,4,39,15,3,0
307,-12.851848,-0.087284,0.012744,-0.027931,-0.279349,0.000000,0.144700,0.170000,4,27,19,4,0
308,-12.593967,-0.291799,-0.062473,-0.029252,-0.187754,0.000000,0.126343,0.158000,5,27,17,4,0
309,-3.796995,-0.049850,-0.035014,-0.021816,-0.295159,0.000000,0.180717,0.238000,1,7,4,1,0
310,-24.538484,-0.046637,-0.150057,-0.018413,-0.495227,0.000000,0.134264,0.286000,2,26,12,2,0
311,-11.325902,-0.000000,-0.060160,-0.030858,-0.216296,0.000000,0.077738,0.160000,4,28,19,4,0
312,-8.020781,-0.000000,-0.146488,-0.028253,-0.187140,0.000000,0.163687,0.276000,3,20,9,2,0
313,-31.369772,-0.080651,-0.237903,-0.030606,-0.366803,0.000000,0.140464,0.140000,3,34,14,2,0
314,0.740244,-0.138155,-0.021142,-0.028293,-0.240908,0.000000,0.219487,0.282000,3,19,8,2,0
315,6.974906,-0.123685,0.209234,-0.026483,-0.212192,0.000000,0.150704,0.216000,4,26,16,3,0
316,-8.539678,-0.138155,-0.134798,-0.024267,-0.239311,0.000000,0.151487,0.240000,4,23,12,2,0
317,-26.360386,-0.017635,-0.271652,-0.028134,-0.307526,0.000000,0.126456,0.242000,3,34,16,3,0
318,-2.739896,-0.289004,-0.001529,-0.023855,-0.216599,0.000000,0.154635,0.238000,3,24,12,2,0
319,-11.018409,-0.133906,0.157114,-0.024878,-0.242575,0.000000,0.141750,0.226000,3,27,13,2,1
320,4.929020,-0.029518,-0.012601,-0.039748,-0.089981,0.000000,0.072021,0.146000,5,37,18,4,0
321,-45.699775,-0.041225,0.035227,-0.025386,-0.631550,0.000000,0.135640,0.234000,5,49,24,5,0
322,-39.681675,-0.222559,-0.045248,-0.024310,-0.516122,0.000000,0.158397,0.258000,4,19,15,3,0
323,-56.078189,0.000000,-0.006107,-0.026113,-0.759431,0.000000,0.146772,0.270000,4,23,15,2,0
324,-41.984899,-0.000157,-0.094791,-0.025280,-0.640313,0.000000,0.111940,0.208000,3,18,12,3,0
325,-4.183819,-0.138381,-0.033066,-0.024158,-0.241271,0.000000,0.191627,0.246000,1,7,5,1,0
326,-24.721201,-0.060277,-0.020294,-0.021842,-0.448418,0.000000,0.187747,0.262000,1,5,4,1,0
327,-12.746193,-0.074327,-0.037532,-0.024838,-0.236573,0.000000,0.104302,0.134000,3,23,14,3,0
328,-6.265153,-0.037264,0.134041,-0.027350,-0.471416,0.000000,0.203125,0.304000,2,8,8,2,0
329,6.367607,-0.048956,0.022597,-0.027151,-0.266023,0.000000,0.243854,0.308000,2,3,9,2,0
330,-5.160776,-0.212437,-0.031742,-0.024565,-0.264973,0.000000,0.163967,0.254000,3,22,9,2,0
331,13.046036,-0.027725,0.139206,-0.026831,-0.270871,0.000000,0.193548,0.290000,3,14,11,2,0
332,0.625750,-0.058107,0.326504,-0.027760,-0.205422,0.000000,0.167016,0.190000,3,28,12,2,0
333,-5.680200,-0.138155,-0.101498,-0.026942,-0.226693,0.000000,0.178818,0.242000,4,15,16,3,0
334,7.191415,-0.065695,0.021653,-0.025138,-0.293889,0.000000,0.182088,0.254000,1,9,5,1,0
335,-31.858807,-0.066129,-0.132292,-0.027050,-0.285286,0.000000,0.107445,0.174000,3,40,17,2,0
336,-10.600486,-0.153948,-0.136024,-0.026235,-0.183221,0.000000,0.190913,0.280000,2,9,11,2,0
337,-0.832477,-0.021972,-0.127358,-0.024177,-0.247695,0.000000,0.158866,0.248000,2,24,12,1,0
338,-1.622263,0.000000,0.149376,-0.025973,-0.196624,0.000000,0.128739,0.218000,5,26,24,4,0
339,-8.050749,-0.126339,-0.075064,-0.027302,-0.242196,0.000000,0.162088,0.284000,2,6,9,2,0
340,-6.179915,-0.067676,0.129016,-0.022069,-0.311919,0.000000,0.209434,0.276000,2,16,8,1,0
341,11.933047,-0.049695,0.001979,-0.028962,-0.247237,0.000000,0.187599,0.316000,4,28,14,3,0
342,-25.065139,-0.281079,-0.263829,-0.030055,-0.165436,0.000000,0.103760,0.208000,5,31,24,4,0
343,-11.340042,-0.049551,-0.076633,-0.029095,-0.289620,0.000000,0.174661,0.232000,2,11,9,2,0
344,-3.128432,-0.134223,0.073160,-0.027520,-0.265753,0.000000,0.188355,0.228000,4,24,18,3,1
345,-6.262737,-0.106259,-0.043875,-0.025654,-0.236886,0.000000,0.197531,0.250000,1,8,4,1,0
346,-3.205224,-0.068191,-0.088450,-0.028551,-0.207738,0.000000,0.203276,0.294000,3,18,12,3,0
347,5.558994,0.000000,0.236516,-0.024090,-0.312824,0.000000,0.173720,0.242000,3,19,16,3,0
348,8.289803,-0.183939,0.131660,-0.027431,-0.223599,0.000000,0.173836,0.220000,5,25,20,5,0
349,-31.676817,-0.051459,-0.173686,-0.021726,-0.481060,0.000000,0.149405,0.258000,2,16,9,2,0
350,-33.530107,-0.112108,-0.083089,-0.021688,-0.472656,0.000000,0.104609,0.178000,2,10,10,2,0
351,4.331339,-0.053831,-0.011700,-0.024692,-0.286151,0.000000,0.175052,0.258000,2,12,11,2,0
352,15.756359,-0.302542,0.314798,-0.026046,-0.369809,0.000000,0.201257,0.324000,5,26,17,3,0
353,-0.531758,-0.000000,-0.017825,-0.027409,-0.301099,0.000000,0.198402,0.268000,3,14,8,2,0
354,-6.802679,-0.096899,-0.070180,-0.022694,-0.223529,0.000000,0.179338,0.248000,2,15,8,2,0
355,-6.926524,-0.074806,-0.119244,-0.025285,-0.255894,0.000000,0.145390,0.274000,2,12,9,2,0
356,-11.084721,-0.138155,-0.129129,-0.027224,-0.311024,0.000000,0.187485,0.292000,4,25,12,2,0
357,-0.478482,-0.034715,-0.018604,-0.026124,-0.271316,0.000000,0.165288,0.226000,1,7,4,1,0
358,5.065915,0.000000,-0.059633,-0.026495,-0.187746,0.000000,0.136533,0.174000,5,19,15,3,0
359,2.624086,-0.017198,-0.040539,-0.025433,-0.276480,0.000000,0.138101,0.218000,2,18,6,1,0
360,-4.231197,-0.024254,-0.089977,-0.027299,-0.220658,0.000000,0.132933,0.232000,3,18,15,3,0
361,-12.552015,-0.060980,-0.114808,-0.027726,-0.203826,0.000000,0.153526,0.204000,3,21,14,3,0
362,2.693879,-0.089645,-0.023428,-0.028882,-0.250975,0.000000,0.211105,0.286000,3,11,14,3,0
363,-14.901345,-0.118019,0.249285,-0.027813,-0.329961,0.000000,0.173202,0.242000,2,14,9,2,0
364,-14.456399,-0.061782,-0.092063,-0.023449,-0.298162,0.000000,0.178093,0.288000,3,23,8,2,0
365,-19.599106,-0.117483,-0.008218,-0.027668,-0.272431,0.000000,0.171733,0.304000,3,21,14,3,0
366,1.645521,-0.094062,-0.046098,-0.030956,-0.211171,0.000000,0.181558,0.292000,3,20,12,3,0
367,6.637364,-0.076102,-0.020714,-0.023433,-0.237800,0.000000,0.180377,0.254000,1,8,4,1,0
368,-4.165922,0.000000,-0.096175,-0.026229,-0.326293,0.000000,0.179970,0.270000,3,14,8,2,0
369,4.762792,-0.000000,-0.048309,-0.026932,-0.250096,-0.000843,0.179408,0.260000,2,12,8,1,0
370,-20.203429,-0.111418,-0.150711,-0.026840,-0.264320,0.000000,0.116031,0.196000,2,28,14,2,0
371,-18.480699,-0.107653,-0.153915,-0.026895,-0.296541,0.000000,0.160264,0.208000,5,28,23,5,0
372,0.012018,-0.085581,-0.031857,-0.025884,-0.276696,0.000000,0.161081,0.266000,1,8,6,1,0
373,-3.525385,-0.058590,-0.042356,-0.022757,-0.209218,0.000000,0.206391,0.260000,3,12,14,2,0
374,-16.950070,-0.022983,-0.171332,-0.023364,-0.289528,0.000000,0.107349,0.222000,4,47,13,3,0
375,-20.317978,-0.100707,-0.040951,-0.018524,-0.463645,0.000000,0.175028,0.274000,1,7,7,1,0
376,3.234142,-0.242669,0.118147,-0.021094,-0.346414,0.000000,0.174101,0.216000,5,44,15,3,0
377,-4.890927,-0.000000,0.207192,-0.021858,-0.314984,0.000000,0.118031,0.236000,3,24,19,3,1
378,-21.076380,-0.019521,-0.199171,-0.018692,-0.318805,0.000000,0.125360,0.208000,3,26,16,3,0
379,-4.645180,-0.098693,0.023220,-0.021106,-0.271996,0.000000,0.155840,0.236000,2,17,8,2,0
380,-12.666815,-0.107414,-0.033667,-0.020719,-0.336712,0.000000,0.133372,0.214000,2,8,8,2,0
381,-19.279498,-0.014986,-0.052502,-0.015612,-0.361113,0.000000,0.174051,0.278000,2,8,7,1,0
382,-32.150155,-0.007202,-0.073861,-0.018496,-0.431221,0.000000,0.160857,0.294000,3,21,11,2,0
383,-10.105237,-0.059282,0.023571,-0.018553,-0.394024,0.000000,0.141596,0.232000,2,16,8,2,0
384,-7.115830,-0.036726,-0.015452,-0.015412,-0.407518,0.000000,0.176999,0.274000,1,10,5,1,0
385,-31.337533,-0.029161,-0.275546,-0.019918,-0.357341,0.000000,0.156580,0.276000,2,35,11,1,0
386,3.277737,-0.069242,-0.030506,-0.019679,-0.311385,0.000000,0.176915,0.238000,3,23,14,3,0
387,4.699015,-0.069468,-0.028743,-0.020920,-0.371668,0.000000,0.203182,0.262000,1,7,4,1,0
388,-9.033171,-0.017125,-0.023633,-0.020373,-0.322674,0.000000,0.139120,0.262000,3,17,11,2,0
389,-14.553051,-0.001714,-0.154413,-0.020153,-0.314473,0.000000,0.129076,0.214000,3,23,19,3,1
390,-1.145787,-0.224779,0.129866,-0.022037,-0.266988,0.000000,0.180075,0.268000,3,30,15,3,0
391,-2.494784,-0.091310,-0.092384,-0.025940,-0.188028,0.000000,0.162421,0.258000,4,15,18,4,0
392,-6.595350,-0.084598,-0.000088,-0.026582,-0.212027,0.000000,0.113716,0.166000,3,19,17,3,0
393,-31.797124,-0.210409,-0.278633,-0.026489,-0.211707,0.000000,0.195237,0.236000,3,38,14,2,0
394,-14.468570,-0.097261,-0.109686,-0.020919,-0.292851,0.000000,0.142566,0.236000,4,21,18,4,0
395,-7.015966,-0.233573,0.025920,-0.020815,-0.265494,0.000000,0.139491,0.210000,3,18,10,2,0
396,-21.599698,-0.094096,-0.174946,-0.020862,-0.314269,0.000000,0.144115,0.236000,3,32,21,3,0
397,1.951661,-0.067655,-0.055148,-0.025951,-0.220259,0.000000,0.197876,0.224000,2,5,9,1,0
398,10.844579,-0.019789,0.000000,-0.018231,-0.445362,0.000000,0.245686,0.318000,0,0,0,0,0
399,1.993207,-0.091507,-0.006294,-0.018197,-0.292830,0.000000,0.209609,0.274000,1,11,4,1,0
400,-24.310787,-0.158413,-0.065457,-0.019833,-0.522508,0.000000,0.138366,0.246000,2,37,12,2,0
401,-23.214033,-0.044676,-0.059753,-0.016779,-0.471162,0.000000,0.149153,0.240000,2,11,9,2,0
402,-11.802347,-0.051475,0.103976,-0.021483,-0.281077,0.000000,0.132641,0.242000,3,29,12,2,0
403,-1.188824,-0.130824,-0.140801,-0.027783,-0.297568,0.000000,0.191206,0.230000,3,16,15,3,0
404,13.666054,-0.107950,-0.072310,-0.024217,-0.256495,0.000000,0.232293,0.300000,1,9,5,1,0
405,-10.304290,-0.129877,-0.092012,-0.021441,-0.223608,0.000000,0.163953,0.264000,2,11,9,2,0
406,-9.337667,-0.061325,-0.017683,-0.017471,-0.381761,0.000000,0.173178,0.274000,1,7,4,1,0
407,8.991073,-0.058839,-0.055185,-0.026128,-0.208983,0.000000,0.164201,0.278000,2,27,10,2,0
408,5.867035,-0.000306,0.052293,-0.028804,-0.201719,0.000000,0.178900,0.276000,4,21,17,3,0
409,0.729256,-0.060742,-0.043844,-0.019234,-0.350541,0.000000,0.166503,0.246000,1,8,4,1,0
410,-5.946938,0.000000,-0.147967,-0.022370,-0.249195,0.000000,0.148275,0.258000,4,25,14,3,0
411,-16.631451,-0.168397,-0.031616,-0.024047,-0.235425,0.000000,0.189815,0.218000,2,12,9,2,0
412,-22.401253,-0.049282,-0.028369,-0.018477,-0.588485,0.000000,0.178827,0.266000,1,7,4,1,0
413,-0.947586,-0.206932,-0.150647,-0.026707,-0.216633,0.000000,0.192443,0.284000,2,20,9,2,0
414,-5.459987,-0.041304,-0.178179,-0.025816,-0.221182,0.000000,0.152431,0.204000,4,24,17,2,0
415,-28.827995,-0.045585,-0.122710,-0.019197,-0.294812,0.000000,0.081159,0.170000,3,21,8,2,0
416,-1.366913,-0.042819,-0.037850,-0.025552,-0.239581,0.000000,0.188836,0.272000,2,13,8,2,0
417,-13.089683,-0.131364,-0.041792,-0.021416,-0.295404,0.000000,0.165066,0.272000,1,3,6,1,0
418,5.161163,-0.045546,-0.031302,-0.021206,-0.313163,0.000000,0.189521,0.244000,3,19,10,2,0
419,-8.692282,-0.033228,-0.035727,-0.019588,-0.357069,0.000000,0.150422,0.214000,2,16,9,2,0
420,5.519130,-0.153299,-0.034019,-0.025121,-0.257334,0.000000,0.213300,0.280000,2,12,5,1,0
421,3.196844,-0.077602,-0.011573,-0.023721,-0.270365,0.000000,0.205668,0.272000,2,9,4,1,0
422,-2.532278,-0.262833,-0.180930,-0.029313,-0.196181,0.000000,0.252694,0.288000,3,40,15,2,0
423,-8.191077,-0.051557,-0.023157,-0.024456,-0.265107,0.000000,0.222169,0.252000,3,11,11,2,0
424,-3.361193,-0.115027,-0.026893,-0.019994,-0.297729,0.000000,0.175445,0.244000,1,7,5,1,0
425,-15.606115,-0.000000,0.126076,-0.023815,-0.298417,0.000000,0.115408,0.190000,3,23,16,3,0
426,-9.616433,-0.043863,-0.068782,-0.029490,-0.236783,0.000000,0.182108,0.274000,4,18,18,4,0
427,-2.985553,-0.132371,-0.038890,-0.024313,-0.255496,0.000000,0.166327,0.236000,4,21,18,4,0
428,1.414887,-0.032745,-0.011019,-0.023170,-0.272226,0.000000,0.120617,0.170000,2,10,9,2,0
429,15.412211,-0.085814,0.000000,-0.020738,-0.285725,0.000000,0.268048,0.350000,0,0,0,0,0
430,3.947335,-0.128139,-0.013038,-0.025037,-0.218818,0.000000,0.164523,0.248000,2,22,8,2,0
431,1.183848,-0.037096,-0.022215,-0.022179,-0.297111,0.000000,0.158165,0.244000,2,9,7,1,0
432,-22.839043,-0.218791,-0.016892,-0.023512,-0.373472,0.000000,0.200979,0.264000,4,10,7,1,0
433,4.380645,-0.193192,-0.016553,-0.021217,-0.245518,0.000000,0.173707,0.258000,2,8,4,1,0
434,1.840049,-0.022870,-0.043870,-0.026381,-0.275043,0.000000,0.206512,0.268000,2,14,9,2,0
435,2.908674,-0.000000,-0.026158,-0.026988,-0.227769,0.000000,0.220288,0.282000,2,2,7,1,0
436,5.658579,0.000000,-0.058935,-0.027316,-0.182964,0.000000,0.171782,0.234000,4,19,18,3,0
437,2.208317,-0.302544,0.494403,-0.020309,-0.460146,0.000000,0.285326,0.332000,1,4,4,1,0
438,-1.098126,-0.037917,-0.084667,-0.025181,-0.230426,0.000000,0.136064,0.272000,2,27,11,2,0
439,4.903008,-0.059691,-0.069205,-0.025412,-0.328672,0.000000,0.219425,0.306000,1,9,5,1,0
440,4.833538,-0.074115,0.014622,-0.022512,-0.416116,-0.009537,0.259906,0.378000,2,10,1,0,0
441,-3.302675,-0.206277,-0.157316,-0.029122,-0.212615,0.000000,0.151171,0.256000,3,17,17,3,1
442,20.884116,-0.061250,0.000000,-0.023460,-0.262077,0.000000,0.240747,0.328000,0,0,0,0,0
443,-1.621549,-0.000000,-0.106086,-0.024037,-0.236087,0.000000,0.192714,0.286000,5,30,16,3,0
444,2.638712,-0.065507,-0.057245,-0.028597,-0.193598,0.000000,0.142885,0.236000,4,27,10,2,0
445,-6.855600,-0.096098,-0.038317,-0.023852,-0.217429,0.000000,0.175034,0.250000,1,7,4,1,0
446,-1.621466,-0.052781,-0.194534,-0.027214,-0.207430,0.000000,0.177259,0.278000,4,20,14,3,0
447,-36.280042,-0.204918,-0.251938,-0.029105,-0.208910,0.000000,0.122451,0.212000,3,50,21,3,0
448,-8.047185,-0.109192,0.151285,-0.029550,-0.202179,0.000000,0.157224,0.224000,3,39,17,3,0
449,-3.709121,-0.153872,-0.066352,-0.027777,-0.209287,0.000000,0.172349,0.240000,2,14,8,2,0
450,-17.719164,-0.050229,-0.132760,-0.026686,-0.214671,0.000000,0.139730,0.256000,2,17,10,2,0
451,16.755060,-0.166661,0.015978,-0.030179,-0.192155,0.000000,0.247762,0.338000,2,7,6,0,0
452,-6.541497,-0.105817,-0.046563,-0.025634,-0.240609,0.000000,0.159812,0.234000,2,15,10,2,0
453,0.417806,-0.059915,-0.074468,-0.024434,-0.225599,0.000000,0.180445,0.286000,3,13,14,3,0
454,-13.525472,-0.014701,-0.181367,-0.024040,-0.258361,0.000000,0.159386,0.238000,2,23,6,1,0
455,-11.583508,-0.138426,-0.055158,-0.023439,-0.341497,0.000000,0.186712,0.280000,2,17,8,2,0
456,-8.857283,0.000000,-0.136041,-0.029323,-0.233416,0.000000,0.208288,0.248000,4,27,16,3,0
457,5.924180,-0.021804,-0.085021,-0.026604,-0.212296,0.000000,0.188919,0.278000,2,11,11,2,0
458,18.948188,-0.000000,0.339910,-0.025993,-0.211549,0.000000,0.148236,0.230000,3,21,15,3,0
459,-11.997170,-0.008163,0.018557,-0.020829,-0.513971,0.000000,0.146399,0.150000,2,7,8,2,0
460,-15.874710,-0.045060,-0.075407,-0.022290,-0.386120,0.000000,0.140841,0.208000,2,11,13,2,0
461,-10.758062,-0.045664,-0.184068,-0.025042,-0.225711,0.000000,0.170830,0.266000,3,24,9,2,0
462,11.569276,-0.076123,0.000000,-0.021669,-0.408462,0.000000,0.249768,0.332000,0,0,0,0,0
463,-26.032252,-0.100249,-0.051498,-0.022103,-0.528808,0.000000,0.171447,0.256000,1,8,5,1,0
464,-23.906734,-0.039610,-0.099410,-0.024689,-0.412886,0.000000,0.175730,0.272000,2,14,9,2,0
465,-5.096252,-0.135749,-0.240340,-0.026447,-0.227948,0.000000,0.210294,0.322000,2,19,10,2,0
466,6.599591,0.000000,-0.076723,-0.028546,-0.198130,0.000000,0.199046,0.270000,3,20,14,2,0
467,-15.655558,-0.132360,-0.186261,-0.026506,-0.232424,0.000000,0.134422,0.178000,3,27,9,2,0
468,-14.829145,-0.052611,-0.069786,-0.021890,-0.375768,0.000000,0.151417,0.252000,2,15,9,1,0
469,-2.893382,-0.000000,-0.139979,-0.021200,-0.252590,0.000000,0.154180,0.224000,3,15,12,3,0
470,13.554773,-0.085252,-0.020834,-0.024451,-0.245384,0.000000,0.186499,0.282000,2,13,9,2,0
471,-14.604146,-0.086654,-0.041988,-0.021561,-0.409313,0.000000,0.178772,0.262000,3,16,8,2,0
472,5.257784,-0.029300,0.174130,-0.026620,-0.261009,0.000000,0.184653,0.260000,2,12,10,2,0
473,-1.662855,-0.030076,-0.093752,-0.025967,-0.236334,0.000000,0.130284,0.196000,2,18,9,2,0
474,-10.232986,-0.005983,-0.138351,-0.024592,-0.247637,0.000000,0.111479,0.182000,3,20,12,3,0
475,-10.266542,-0.115440,-0.030217,-0.024618,-0.450337,0.000000,0.199891,0.234000,1,7,4,1,0
476,-18.585018,-0.142252,-0.062500,-0.024845,-0.347953,0.000000,0.131922,0.136000,2,16,10,2,0
477,-5.231019,-0.154130,-0.040802,-0.023453,-0.276769,0.000000,0.201090,0.284000,1,8,4,1,0
478,-17.958959,-0.070109,-0.072621,-0.023786,-0.373079,0.000000,0.232902,0.300000,2,13,14,2,0
479,-14.856715,-0.138155,0.155523,-0.022032,-0.278157,0.000000,0.139657,0.248000,3,19,10,2,0
480,2.192736,-0.116673,-0.049260,-0.023746,-0.282809,0.000000,0.158455,0.220000,2,10,11,2,0
481,-25.268680,-0.037365,-0.065475,-0.023005,-0.435348,0.000000,0.190641,0.272000,4,13,17,4,0
482,-21.381550,-0.015799,-0.056790,-0.020851,-0.563521,0.000000,0.195428,0.298000,2,16,7,1,0
483,-27.138000,-0.162056,-0.185660,-0.023616,-0.309689,0.000000,0.179346,0.284000,5,26,14,3,0
484,-34.031197,-0.052802,0.000000,-0.018728,-0.896099,0.000000,0.232087,0.302000,0,0,0,0,0
485,-32.577903,-0.178647,-0.028359,-0.020563,-0.623968,0.000000,0.161393,0.278000,2,9,9,2,0
486,-48.248454,-0.013863,-0.015715,-0.019504,-1.050735,0.000000,0.197473,0.320000,1,4,5,1,0
487,-20.084226,-0.048131,-0.028161,-0.026216,-0.332198,0.000000,0.101931,0.148000,5,27,23,5,0
488,-16.484374,-0.268861,0.054927,-0.026428,-0.426285,0.000000,0.203445,0.290000,5,41,19,4,0
489,-38.148285,0.000000,-0.009017,-0.020216,-0.616441,0.000000,0.133778,0.254000,3,23,13,1,1
490,-9.319807,-0.114074,-0.068338,-0.028260,-0.362341,0.000000,0.245161,0.284000,2,12,12,2,0
491,-13.090386,-0.082217,0.026721,-0.023530,-0.304881,0.000000,0.219736,0.256000,3,9,8,2,0
492,0.671871,-0.045637,-0.069991,-0.027188,-0.255265,0.000000,0.184639,0.230000,4,20,16,3,0
493,-22.490063,-0.041589,-0.069149,-0.025668,-0.247851,0.000000,0.097800,0.118000,6,20,27,6,0
494,-4.226883,-0.164886,-0.040773,-0.024295,-0.292429,0.000000,0.239029,0.300000,1,6,4,1,0
495,-11.057659,-0.072853,-0.101852,-0.023495,-0.353715,0.000000,0.211305,0.292000,3,20,12,3,0
496,-19.542060,0.000000,-0.060801,-0.025941,-0.248182,0.000000,0.185143,0.202000,4,14,18,4,0
497,-21.972445,-0.226225,-0.105077,-0.027237,-0.194487,0.000000,0.167770,0.200000,4,16,21,4,0
498,5.409427,-0.138059,-0.024812,-0.027618,-0.253810,0.000000,0.161262,0.240000,4,38,15,2,0
499,-7.863811,-0.033651,-0.025966,-0.029199,-0.302321,0.000000,0.122772,0.154000,3,19,16,3,0
500,-27.764456,-0.180993,-0.137928,-0.029631,-0.309690,-0.002459,0.172514,0.216000,3,23,14,3,0
501,-25.715284,-0.178734,-0.151509,-0.022458,-0.451613,0.000000,0.238851,0.292000,4,30,13,3,0
502,-16.869887,-0.206423,-0.073932,-0.030186,-0.203991,0.000000,0.159158,0.216000,3,15,10,2,0
503,-7.693656,-0.126561,-0.099275,-0.028873,-0.244463,0.000000,0.211972,0.284000,4,32,18,4,0
504,-47.177314,-0.120578,-0.229622,-0.030338,-0.330224,-0.000753,0.097866,0.190000,4,20,22,4,1
505,-10.421847,-0.025788,-0.134848,-0.034403,-0.140186,0.000000,0.114183,0.146000,4,22,18,4,0
506,-4.783772,-0.062736,-0.128985,-0.030865,-0.222445,0.000000,0.139616,0.208000,3,19,14,3,0
507,-17.211898,-0.060554,-0.142300,-0.029390,-0.169929,0.000000,0.190413,0.322000,3,28,17,3,0
508,-22.477138,-0.162582,-0.123071,-0.023742,-0.497706,0.000000,0.176571,0.248000,2,19,13,1,1
509,-21.525456,-0.061906,-0.004246,-0.023966,-0.671812,0.000000,0.200109,0.252000,2,19,6,1,0
510,-17.954439,-0.000000,-0.179495,-0.029505,-0.271750,0.000000,0.097271,0.152000,6,53,29,5,0
511,-10.711129,-0.029193,0.032118,-0.026290,-0.498019,0.000000,0.216753,0.344000,2,11,8,2,0
512,-9.292778,-0.129611,-0.003797,-0.022971,-0.596279,0.000000,0.281293,0.340000,1,7,5,1,0
513,-17.697704,-0.255367,-0.039640,-0.029565,-0.172004,-0.008392,0.152870,0.208000,4,22,18,3,0
514,-38.906123,-0.129414,-0.062947,-0.024117,-0.423468,0.000000,0.133129,0.138000,2,8,9,2,0
515,-13.963338,-0.094850,-0.035614,-0.025737,-0.430400,0.000000,0.215066,0.254000,1,8,4,1,0
516,-44.830901,-0.029893,-0.027445,-0.022938,-0.591713,0.000000,0.132229,0.198000,3,21,16,3,1
517,-12.658326,-0.059381,-0.083940,-0.023720,-0.464221,0.000000,0.226842,0.292000,1,8,4,1,0
518,-19.846426,-0.166213,-0.050823,-0.028036,-0.493754,0.000000,0.173939,0.324000,2,13,12,2,0
519,12.518712,-0.231196,-0.000393,-0.027901,-0.166386,0.000000,0.310082,0.308000,2,18,8,1,0
520,-36.544034,-0.132072,-0.295561,-0.027222,-0.238949,0.000000,0.118048,0.200000,4,35,25,4,1
521,-9.406750,-0.124955,0.064629,-0.030551,-0.153872,0.000000,0.111184,0.162000,5,38,26,4,1
522,-23.727794,-0.101876,-0.005301,-0.021564,-0.713457,0.000000,0.197422,0.264000,2,15,9,2,0
523,-9.835302,-0.122749,-0.012373,-0.026357,-0.281238,0.000000,0.177549,0.272000,4,26,12,3,0
524,-28.367420,-0.229673,-0.088994,-0.025286,-0.328122,0.000000,0.167791,0.226000,4,14,14,3,0
525,3.808897,-0.176192,-0.032615,-0.027404,-0.246386,0.000000,0.199982,0.290000,3,20,6,1,0
526,-25.036838,-0.144622,-0.239256,-0.025861,-0.303073,0.000000,0.180467,0.212000,3,44,18,3,0
527,3.749498,-0.129585,-0.016560,-0.021393,-0.260915,0.000000,0.193551,0.270000,2,18,11,2,0
528,-10.917626,-0.021972,-0.104968,-0.022912,-0.271941,0.000000,0.175587,0.232000,2,21,8,2,0
529,-18.757561,-0.165881,-0.050149,-0.032309,-0.150448,0.000000,0.066599,0.118000,6,48,25,5,0
530,-17.927009,-0.054849,-0.043708,-0.014880,-0.656582,0.000000,0.216799,0.330000,2,6,4,1,0
531,-5.171356,-0.204266,-0.004863,-0.026993,-0.190423,0.000000,0.233982,0.218000,3,26,16,3,0
532,1.858947,-0.043958,-0.000133,-0.021875,-0.325750,0.000000,0.161193,0.232000,1,12,10,1,1
533,12.127475,0.000000,-0.094986,-0.028021,-0.191546,0.000000,0.173532,0.258000,3,19,10,2,0
534,-20.597728,-0.079780,-0.127542,-0.021852,-0.344063,0.000000,0.113215,0.200000,3,19,14,3,0
535,-28.837005,-0.199533,-0.034791,-0.018982,-0.540441,0.000000,0.141954,0.274000,3,17,10,2,0
536,-45.361662,-0.112106,-0.283664,-0.022036,-0.497988,0.000000,0.143557,0.266000,5,54,22,4,0
537,13.478536,-0.147276,-0.055102,-0.024856,-0.180158,0.000000,0.231705,0.338000,1,8,4,1,0
538,-34.869494,-0.005792,0.076061,-0.021298,-0.691682,0.000000,0.198234,0.224000,3,14,12,3,0
539,-19.965720,-0.152482,-0.034721,-0.020823,-0.453279,0.000000,0.191457,0.260000,2,15,8,1,0
540,-39.324010,-0.186972,-0.189512,-0.025780,-0.470967,0.000000,0.182626,0.238000,3,21,13,3,0
541,-29.710888,-0.146901,-0.024138,-0.020494,-0.480665,0.000000,0.178885,0.212000,2,14,10,2,0
542,-31.144850,-0.084029,-0.033561,-0.023735,-0.572999,0.000000,0.201711,0.194000,1,2,5,1,0
543,-39.907449,-0.059869,-0.164385,-0.030115,-0.623936,0.000000,0.171232,0.208000,3,20,17,3,0
544,-63.433658,-0.088678,-0.236710,-0.023919,-0.622713,0.000000,0.121914,0.186000,3,30,13,3,0
545,-62.574726,-0.143839,-0.094580,-0.019346,-0.675298,0.000000,0.122021,0.152000,2,14,7,1,0
546,-16.723735,-0.239909,-0.038369,-0.024200,-0.576800,0.000000,0.248434,0.268000,2,9,4,1,0
547,-60.490549,-0.111110,-0.084947,-0.019288,-0.655055,0.000000,0.116591,0.164000,1,11,6,1,0
548,-17.789738,-0.043482,-0.055359,-0.020461,-0.574542,0.000000,0.226325,0.260000,1,21,0,0,0
549,-63.688054,-0.000000,-0.106939,-0.024080,-0.679165,-0.008062,0.119303,0.218000,3,77,20,1,0
550,-39.440049,-0.128935,-0.045120,-0.021839,-0.729777,0.000000,0.260460,0.298000,1,8,5,1,0
551,-29.383234,-0.036876,-0.051669,-0.020937,-0.671596,0.000000,0.183865,0.268000,2,19,10,2,0
552,-41.066196,-0.096081,-0.074420,-0.022048,-0.757556,0.000000,0.190827,0.240000,1,8,6,1,0
553,-74.585530,-0.010347,-0.295070,-0.020616,-1.031018,0.000000,0.194804,0.300000,2,13,11,2,0
554,-43.120462,-0.044092,0.010516,-0.019501,-0.957059,0.000000,0.194824,0.226000,1,5,5,1,0
555,-54.701554,-0.163046,-0.113578,-0.029597,-0.652383,0.000000,0.142286,0.212000,6,23,24,5,0
556,-30.647839,-0.056873,-0.072014,-0.029117,-0.639623,0.000000,0.171689,0.228000,2,20,8,2,0
557,-51.480264,-0.043434,-0.022535,-0.020247,-0.914784,0.000000,0.168431,0.236000,1,2,7,1,0
558,-65.376249,-0.086795,0.010819,-0.018132,-0.934300,0.000000,0.156863,0.244000,1,5,5,1,0
559,-65.004094,-0.029932,-0.220268,-0.018673,-1.053950,0.000000,0.184165,0.246000,2,23,18,2,0
560,-42.760141,-0.079371,-0.123500,-0.024524,-0.697402,0.000000,0.138716,0.238000,3,15,12,3,0
561,-28.806983,-0.101169,-0.032619,-0.018357,-0.577015,0.000000,0.165461,0.220000,1,4,4,1,0
562,-69.826358,-0.060719,-0.037652,-0.014875,-1.125688,0.000000,0.159754,0.266000,1,8,6,1,0
563,-14.014392,-0.022120,-0.040824,-0.023061,-0.545880,0.000000,0.233767,0.304000,1,6,4,1,0
564,-53.540534,-0.128257,-0.007046,-0.019269,-0.826459,0.000000,0.210842,0.284000,1,11,6,1,0
565,-21.743590,-0.100922,0.000000,-0.018241,-0.571684,0.000000,0.246268,0.340000,0,0,0,0,0
566,-36.469486,0.000000,-0.087419,-0.019159,-0.585903,0.000000,0.210805,0.286000,1,13,11,1,1
567,-35.551608,-0.050148,-0.030870,-0.018893,-0.616687,0.000000,0.166042,0.234000,1,5,4,1,0
568,-51.687031,-0.075982,-0.000445,-0.019488,-0.711487,0.000000,0.162985,0.174000,3,18,12,3,0
569,-50.714038,-0.026713,-0.167399,-0.020454,-0.757285,0.000000,0.208086,0.284000,1,5,7,1,0
570,-35.815577,-0.189193,-0.145884,-0.021155,-0.603943,0.000000,0.191846,0.246000,3,13,9,2,0
571,-35.882519,-0.028035,-0.098015,-0.021883,-0.565169,0.000000,0.172115,0.322000,2,16,10,2,0
572,-33.379100,-0.154890,0.040615,-0.018344,-0.703403,0.000000,0.163475,0.230000,2,7,5,1,0
573,-26.632625,-0.170053,-0.107173,-0.021166,-0.600707,0.000000,0.256249,0.316000,2,10,7,1,0
574,-47.970947,-0.042215,-0.181375,-0.027231,-0.604798,0.000000,0.164480,0.222000,1,23,7,1,0
575,-26.455983,-0.006092,-0.071281,-0.019407,-0.640453,0.000000,0.198143,0.246000,1,10,5,1,0
576,-64.347871,-0.026693,0.057002,-0.020334,-0.784171,0.000000,0.094530,0.144000,3,20,12,3,0
577,-35.766150,-0.042845,-0.099582,-0.019129,-0.625385,0.000000,0.194697,0.270000,1,10,5,1,0
578,-24.978913,-0.036598,-0.057442,-0.029053,-0.482555,0.000000,0.120008,0.162000,3,16,15,3,0
579,-30.082219,-0.059322,-0.138626,-0.028349,-0.501473,0.000000,0.159957,0.246000,4,23,19,4,0
580,-9.647233,-0.034125,0.000000,-0.021860,-0.502331,0.000000,0.258528,0.340000,0,0,0,0,0
581,-26.454627,-0.058094,-0.042771,-0.022969,-0.551470,-0.014053,0.200654,0.288000,2,26,16,2,0
582,-31.680227,-0.033009,-0.001443,-0.022840,-0.613500,0.000000,0.184311,0.242000,2,19,12,2,0
583,-29.008600,-0.024848,0.092921,-0.019431,-0.530827,0.000000,0.194856,0.274000,2,25,6,1,0
584,-13.259108,-0.078794,-0.032667,-0.023925,-0.437606,-0.005007,0.206295,0.314000,1,6,4,1,0
585,-13.337572,-0.039890,-0.016158,-0.024373,-0.544025,-0.013133,0.220561,0.312000,1,5,4,1,0
586,-13.427988,-0.163866,-0.005362,-0.024566,-0.547456,-0.009722,0.223556,0.308000,2,7,11,2,0
587,-23.719353,-0.073602,-0.028490,-0.023865,-0.488575,0.000000,0.191309,0.258000,1,12,5,1,0
588,-44.735043,0.000000,-0.239639,-0.024469,-0.551490,0.000000,0.133520,0.236000,4,26,20,4,0
589,-30.799204,-0.049729,-0.076046,-0.025939,-0.605538,0.000000,0.177075,0.266000,2,10,7,1,0
590,-9.176859,-0.029439,0.211356,-0.023745,-0.499590,0.000000,0.211583,0.306000,2,13,7,1,0
591,-6.522356,-0.074989,-0.047659,-0.023555,-0.407638,0.000000,0.236079,0.336000,2,6,9,2,0
592,4.165429,-0.042569,0.000000,-0.023163,-0.498323,0.000000,0.254867,0.320000,0,0,0,0,0
593,-20.676432,-0.138155,0.259324,-0.019763,-0.673283,0.000000,0.225361,0.310000,2,19,6,1,0
594,-14.730424,-0.072892,-0.117647,-0.021397,-0.268724,0.000000,0.206340,0.290000,1,5,6,1,0
595,-18.805523,-0.179744,-0.013146,-0.024047,-0.466873,0.000000,0.188182,0.254000,2,15,4,1,0
596,-10.441419,-0.039507,-0.102686,-0.019958,-0.470302,0.000000,0.239938,0.332000,1,8,4,1,0
597,-23.670167,-0.059936,-0.089817,-0.029313,-0.168591,0.000000,0.104110,0.146000,7,37,28,5,1
598,-33.604054,-0.019614,-0.317083,-0.030553,-0.218145,0.000000,0.135269,0.172000,3,37,19,3,0
599,6.422634,-0.047126,-0.039735,-0.031942,-0.163735,0.000000,0.211567,0.272000,1,10,4,1,0
600,-12.335923,-0.025411,-0.096627,-0.026439,-0.222604,0.000000,0.112850,0.224000,3,31,18,3,0
601,-3.340972,-0.070273,-0.134822,-0.032519,-0.161355,0.000000,0.185185,0.192000,3,19,14,3,0
602,-20.344729,-0.073147,-0.298897,-0.030084,-0.182375,0.000000,0.141694,0.226000,3,42,18,2,0
603,-10.979725,-0.067495,0.026362,-0.028399,-0.186633,0.000000,0.156347,0.182000,4,28,20,4,0
604,-3.463620,-0.138926,-0.058942,-0.029501,-0.183896,0.000000,0.196185,0.286000,2,15,10,2,0
605,-6.349606,-0.119713,-0.181132,-0.032301,-0.174334,0.000000,0.188291,0.266000,3,41,8,1,0
606,-14.281994,-0.145371,-0.176081,-0.027598,-0.219298,0.000000,0.137966,0.238000,3,20,17,3,1
607,-17.160820,-0.145614,0.047391,-0.025560,-0.218397,0.000000,0.158159,0.244000,3,17,13,3,0
608,16.791326,-0.043002,0.000000,-0.025818,-0.325266,0.000000,0.234698,0.320000,0,0,0,0,0
609,8.788975,-0.215909,-0.042624,-0.030258,-0.193357,0.000000,0.181248,0.272000,2,7,6,1,0
610,-32.945003,-0.138155,-0.090916,-0.027835,-0.259102,0.000000,0.100156,0.200000,6,66,33,5,0
611,-6.878300,-0.147828,-0.029963,-0.031392,-0.213167,0.000000,0.127146,0.190000,2,12,12,2,0
612,5.524428,-0.138155,0.103630,-0.032429,-0.218831,0.000000,0.161252,0.270000,3,30,11,2,0
613,5.747350,-0.051463,-0.078200,-0.028913,-0.188214,0.000000,0.205987,0.294000,3,12,6,1,0
614,-28.290383,-0.114562,0.045301,-0.030479,-0.301827,0.000000,0.171537,0.188000,3,24,13,3,0
615,-1.717578,-0.138155,-0.098225,-0.030682,-0.318472,0.000000,0.167769,0.246000,3,11,9,2,0
616,-37.121209,-0.106751,-0.210072,-0.027266,-0.280177,0.000000,0.101604,0.208000,7,48,34,7,0
617,-1.045264,-0.101117,-0.025847,-0.025979,-0.201407,0.000000,0.136329,0.216000,4,19,12,3,0
618,4.459605,-0.133130,0.045832,-0.027787,-0.234921,0.000000,0.224368,0.326000,3,15,13,3,0
619,-8.007138,-0.053871,-0.046659,-0.025923,-0.376382,0.000000,0.199301,0.306000,4,30,16,3,0
620,-12.866376,-0.002200,-0.145783,-0.028900,-0.163813,0.000000,0.098671,0.172000,4,22,17,4,0
621,-4.442131,-0.123214,-0.086818,-0.030606,-0.174068,0.000000,0.136062,0.210000,3,21,16,3,0
622,-35.788137,-0.043310,-0.144898,-0.027830,-0.359063,0.000000,0.107555,0.226000,4,26,17,4,0
623,-9.491685,-0.192499,0.019160,-0.027382,-0.165427,0.000000,0.157355,0.224000,4,38,15,3,0
624,-42.468751,-0.052715,-0.152095,-0.025929,-0.604013,0.000000,0.118894,0.286000,4,25,20,4,0
625,5.876578,-0.118758,0.018777,-0.028775,-0.239328,0.000000,0.237979,0.344000,2,13,9,2,0
626,-28.723302,-0.051276,0.055890,-0.025040,-0.541127,0.000000,0.163593,0.252000,2,9,8,2,0
627,-32.349797,-0.297229,-0.017866,-0.026580,-0.605690,0.000000,0.226613,0.304000,2,11,5,1,0
628,-105.729437,-0.147006,-0.080497,-0.018797,-1.373355,0.000000,0.137897,0.284000,2,12,8,2,0
629,-73.899628,-0.028780,-0.069072,-0.020964,-1.065081,0.000000,0.130660,0.274000,4,15,18,4,0
630,-102.264778,-0.000000,0.043227,-0.018734,-1.330844,0.000000,0.119468,0.262000,3,16,12,3,0
631,-40.819104,-0.031485,-0.116463,-0.024027,-0.829126,0.000000,0.204738,0.352000,2,13,9,2,0
632,-94.215477,-0.155866,-0.006017,-0.022345,-1.289325,0.000000,0.109173,0.232000,6,24,24,5,0
633,-11.931026,0.000000,-0.141998,-0.033394,-0.249440,0.000000,0.203396,0.242000,4,23,20,4,0
634,-22.678290,-0.068403,-0.184782,-0.028494,-0.386888,0.000000,0.185110,0.266000,2,26,5,1,0
635,-19.794455,-0.095380,-0.135600,-0.023621,-0.470397,0.000000,0.226320,0.318000,4,20,19,3,0
636,-12.153286,-0.068717,-0.046543,-0.033202,-0.341242,0.000000,0.247864,0.268000,4,23,19,4,0
637,-1.521872,-0.155748,-0.067596,-0.031480,-0.173160,0.000000,0.122359,0.200000,4,41,13,3,0
638,9.839943,-0.171082,-0.010717,-0.033046,-0.183243,0.000000,0.188410,0.246000,2,8,4,1,0
639,-37.298809,-0.011447,-0.178325,-0.029835,-0.653964,0.000000,0.191905,0.296000,3,37,20,3,0
640,-42.093503,-0.011486,-0.140012,-0.025885,-0.721708,0.000000,0.167846,0.228000,3,18,14,3,0
641,-53.801349,-0.247454,-0.157531,-0.032522,-0.462071,0.000000,0.128717,0.202000,3,40,14,3,0
642,12.300740,0.000000,-0.278984,-0.031266,-0.175162,-0.011697,0.227335,0.320000,2,16,6,1,0
643,-41.446684,-0.048387,-0.062208,-0.027365,-0.470531,0.000000,0.137415,0.158000,2,12,8,2,0
644,-3.247036,-0.173152,0.018210,-0.023548,-0.458610,0.000000,0.269572,0.368000,1,2,0,0,0
645,-4.882763,-0.070234,-0.017793,-0.028590,-0.321720,0.000000,0.182221,0.268000,3,16,15,3,0
646,10.774489,-0.084703,-0.026613,-0.032342,-0.155127,0.000000,0.205606,0.286000,3,19,14,3,0
647,-8.865056,-0.127656,-0.010364,-0.029573,-0.492219,0.000000,0.264852,0.332000,1,3,5,1,0
648,-3.231668,-0.110663,-0.044797,-0.032602,-0.369121,0.000000,0.247075,0.316000,1,8,4,1,0
649,9.088087,-0.043660,-0.025036,-0.030522,-0.204656,0.000000,0.218104,0.300000,1,10,4,1,0
650,-7.261473,-0.011566,-0.061717,-0.027270,-0.368417,0.000000,0.191815,0.320000,2,15,9,2,0
651,-37.632771,-0.126967,-0.081395,-0.031550,-0.432570,0.000000,0.149486,0.246000,6,31,21,5,0
652,-18.380380,-0.082812,-0.061466,-0.031565,-0.466175,0.000000,0.249507,0.334000,1,8,5,1,0
653,10.790557,-0.086199,-0.035282,-0.031824,-0.249521,0.000000,0.256785,0.328000,1,8,4,1,0
654,5.360643,-0.132507,-0.031691,-0.029538,-0.170449,0.000000,0.179460,0.284000,2,14,4,1,0
655,18.666013,-0.045335,-0.047358,-0.031214,-0.174808,0.000000,0.210714,0.340000,2,18,8,1,0
656,-43.170343,-0.000000,0.061880,-0.031787,-0.601785,0.000000,0.124071,0.222000,4,32,18,4,0
657,-23.898202,-0.089248,-0.136853,-0.031976,-0.348770,0.000000,0.229306,0.332000,2,13,8,2,0
658,-2.545888,-0.149011,0.183778,-0.028782,-0.294210,0.000000,0.210452,0.286000,3,13,10,2,0
659,-41.578315,-0.134669,-0.198254,-0.035498,-0.291441,0.000000,0.111472,0.178000,5,34,30,4,1
660,15.515530,-0.120901,-0.039267,-0.031267,-0.113506,0.000000,0.225019,0.302000,1,7,5,1,0
661,-14.000077,-0.072857,-0.151675,-0.031421,-0.349776,0.000000,0.163710,0.240000,3,17,17,3,1
662,10.323946,-0.007021,-0.117630,-0.031813,-0.254329,0.000000,0.184706,0.276000,6,22,22,5,0
663,-14.723142,-0.090342,-0.108546,-0.035570,-0.108055,0.000000,0.059465,0.120000,3,20,14,3,0
664,-19.999664,-0.179959,-0.070905,-0.030014,-0.270513,0.000000,0.171814,0.200000,4,21,18,4,0
665,-37.886802,-0.105021,-0.038649,-0.022820,-0.540041,0.000000,0.135386,0.166000,3,17,13,3,0
666,-15.430513,-0.058861,-0.079254,-0.034234,-0.142968,0.000000,0.134451,0.174000,3,11,9,2,0
667,-37.910315,-0.027726,-0.061700,-0.028687,-0.521779,0.000000,0.094210,0.156000,3,18,13,3,0
668,6.639601,-0.138155,-0.057724,-0.029931,-0.207370,0.000000,0.225948,0.278000,3,13,10,2,0
669,-1.371197,-0.090166,0.025955,-0.031828,-0.320073,0.000000,0.207085,0.248000,5,16,16,4,0
670,-11.059636,-0.187010,-0.111063,-0.030705,-0.204573,0.000000,0.146112,0.240000,6,30,29,6,0
671,-18.089064,-0.024404,-0.157314,-0.031639,-0.273116,0.000000,0.151670,0.272000,3,31,13,3,0
672,-45.015430,-0.131958,-0.161969,-0.035623,-0.315045,0.000000,0.094160,0.188000,5,50,25,5,1
673,-0.608694,-0.127064,-0.078414,-0.033480,-0.296461,0.000000,0.214867,0.300000,4,23,14,3,0
674,-1.205541,-0.126664,-0.005129,-0.027856,-0.304482,0.000000,0.189474,0.216000,3,11,14,3,0
675,-11.293353,-0.195584,-0.083738,-0.031899,-0.168928,-0.008266,0.088905,0.164000,4,16,14,3,0
676,-25.718739,-0.062053,-0.061341,-0.019103,-0.603145,0.000000,0.150158,0.246000,1,6,6,1,0
677,-13.724114,-0.062645,-0.088301,-0.027248,-0.446495,0.000000,0.164705,0.282000,2,15,8,1,0
678,-42.194634,-0.138155,-0.100185,-0.020856,-0.657589,0.000000,0.147911,0.186000,4,17,16,3,0
679,-51.132750,-0.000000,-0.339087,-0.024305,-0.664116,0.000000,0.116333,0.228000,5,36,21,4,0
680,-19.158989,-0.153656,-0.077906,-0.025390,-0.406576,0.000000,0.213564,0.276000,2,15,8,2,0
681,-21.194891,-0.051521,0.009691,-0.023852,-0.436068,0.000000,0.149262,0.232000,4,17,13,3,0
682,-24.604572,-0.000000,-0.001630,-0.031256,-0.291886,-0.005332,0.121471,0.240000,5,27,23,5,0
683,-21.394188,-0.045425,-0.084263,-0.029093,-0.271852,0.000000,0.137750,0.248000,3,16,14,3,0
684,-9.588020,-0.004781,-0.075338,-0.034599,-0.181564,0.000000,0.134614,0.144000,6,25,23,5,0
685,-4.156375,-0.147899,-0.199740,-0.029149,-0.294266,0.000000,0.145170,0.226000,3,20,12,3,0
686,-77.348433,-0.028841,-0.076462,-0.030231,-1.216828,0.000000,0.136792,0.316000,5,30,22,5,0
687,-76.342304,-0.136467,-0.010074,-0.023944,-1.243138,0.000000,0.113678,0.270000,4,13,17,4,0
688,-8.868218,-0.138155,0.294779,-0.030011,-0.358014,0.000000,0.236249,0.292000,5,28,16,4,0
689,-22.699857,-0.173107,-0.120380,-0.029552,-0.307780,0.000000,0.132792,0.190000,5,21,17,4,0
690,-18.040207,-0.034819,-0.227965,-0.030200,-0.339259,0.000000,0.132053,0.268000,3,18,14,3,0
691,-19.768186,-0.093872,0.008972,-0.028523,-0.373100,0.000000,0.143437,0.206000,2,9,10,2,0
692,-0.771504,-0.073609,-0.135994,-0.035481,-0.235469,0.000000,0.193226,0.260000,4,19,19,4,0
693,10.874618,-0.168678,-0.072540,-0.026925,-0.217737,0.000000,0.204463,0.296000,3,20,18,3,1
694,-18.696507,-0.052433,-0.176582,-0.028150,-0.230982,0.000000,0.200078,0.294000,2,19,7,1,0
695,-65.459557,-0.068198,-0.147874,-0.029055,-0.665820,0.000000,0.098299,0.152000,2,21,11,2,0
696,3.442028,-0.084326,-0.043293,-0.026159,-0.417668,0.000000,0.204432,0.224000,2,12,9,2,0
697,-26.878619,-0.321728,0.018215,-0.028532,-0.585540,0.000000,0.181690,0.296000,2,15,5,1,0
698,4.009576,-0.258976,0.139252,-0.036502,-0.122673,0.000000,0.220602,0.294000,3,26,15,2,0
699,-12.558519,-0.174904,-0.044379,-0.025703,-0.345757,0.000000,0.184682,0.274000,1,28,7,1,0
700,-22.007927,-0.130877,-0.049270,-0.025440,-0.335425,0.000000,0.154305,0.170000,4,22,18,4,0
701,-20.858230,-0.153290,-0.087721,-0.026221,-0.303302,0.000000,0.121362,0.186000,4,24,18,4,0
702,-12.068294,-0.111234,-0.023183,-0.029158,-0.207308,0.000000,0.154489,0.194000,3,14,9,2,0
703,-33.745630,-0.035476,-0.089458,-0.027980,-0.396794,0.000000,0.112255,0.140000,2,14,9,2,0
704,-37.526373,-0.065503,-0.321832,-0.028375,-0.288747,0.000000,0.144143,0.174000,3,57,18,3,0
705,-54.225561,-0.015820,-0.281828,-0.029748,-0.559345,0.000000,0.120334,0.246000,5,38,25,5,0
706,-18.783362,-0.034360,-0.093486,-0.028232,-0.376300,0.000000,0.121962,0.174000,3,15,14,3,0
707,3.697797,-0.131703,0.012538,-0.035114,-0.151431,0.000000,0.218165,0.278000,3,22,15,3,0
708,-37.965666,-0.046361,-0.027903,-0.024375,-0.462638,0.000000,0.124211,0.160000,4,20,19,4,0
709,-47.015069,-0.010402,-0.021639,-0.026572,-0.652113,0.000000,0.125582,0.246000,3,28,15,3,0
710,-11.674059,-0.045180,-0.297034,-0.030485,-0.251134,0.000000,0.145665,0.240000,4,32,16,4,0
711,-50.981926,-0.276236,-0.133379,-0.025860,-0.639301,0.000000,0.111046,0.178000,3,22,15,2,1
712,-10.627196,-0.026520,-0.276504,-0.027909,-0.265748,0.000000,0.198405,0.302000,2,25,9,2,0
713,-4.253262,-0.066836,0.023283,-0.027684,-0.228946,0.000000,0.207170,0.278000,2,13,8,2,0
714,-31.425101,-0.144495,-0.018981,-0.029690,-0.685453,0.000000,0.173961,0.310000,3,12,9,2,0
715,-48.641586,-0.008384,0.078710,-0.029999,-0.738870,0.000000,0.144704,0.350000,4,21,12,3,0
716,-6.615000,-0.043715,0.164304,-0.029015,-0.350798,0.000000,0.145557,0.194000,3,10,13,3,0
717,-16.561603,-0.018303,-0.024922,-0.030297,-0.590292,0.000000,0.159183,0.278000,1,7,5,1,0
718,-26.395784,-0.067328,-0.025471,-0.023283,-0.540803,0.000000,0.172071,0.226000,1,8,4,1,0
719,-20.346098,-0.021283,-0.128761,-0.028264,-0.279373,0.000000,0.108752,0.200000,2,16,10,2,0
720,-37.050182,-0.036529,-0.015735,-0.027334,-0.919069,0.000000,0.135088,0.316000,1,9,4,1,0
721,-39.195529,-0.057192,-0.015951,-0.027013,-0.872966,0.000000,0.169679,0.334000,1,7,5,1,0
722,-14.246357,-0.140252,-0.159319,-0.025833,-0.349904,0.000000,0.142546,0.264000,2,20,8,1,0
723,-90.446310,-0.157029,0.250600,-0.022472,-1.259571,0.000000,0.106521,0.320000,2,35,4,1,0
724,-50.583765,-0.013866,-0.038957,-0.023648,-0.771181,0.000000,0.087919,0.160000,2,7,9,2,0
725,-7.260135,-0.286567,0.026219,-0.025809,-0.267172,0.000000,0.190484,0.272000,3,18,13,3,0
726,-19.147106,0.000000,0.145321,-0.031704,-0.315247,0.000000,0.114619,0.202000,3,25,11,2,0
727,-31.418837,-0.165985,0.287215,-0.023753,-0.657470,0.000000,0.127913,0.224000,3,23,13,2,0
728,-87.101008,-0.041472,0.133081,-0.023539,-1.106225,0.000000,0.101747,0.264000,3,14,15,3,0
729,-73.473694,-0.038615,-0.048906,-0.026672,-1.088695,0.000000,0.096278,0.278000,2,17,9,2,0
730,-55.977202,-0.102731,-0.031826,-0.023319,-0.842453,0.000000,0.134299,0.230000,2,7,6,1,0
731,-96.061591,-0.029557,-0.102561,-0.025639,-1.177358,0.000000,0.111697,0.278000,3,21,9,2,0
732,-7.570930,-0.000000,0.150017,-0.027724,-0.248830,-0.001796,0.110035,0.212000,2,14,14,2,1
733,-34.874171,-0.000391,-0.111977,-0.023153,-0.558422,0.000000,0.150768,0.214000,2,19,10,2,0
734,-12.731936,-0.043331,-0.056956,-0.024658,-0.397746,0.000000,0.125546,0.232000,2,14,7,1,0
735,-10.845273,-0.052444,-0.004103,-0.023069,-0.475944,0.000000,0.149091,0.214000,3,19,11,2,0
736,-13.725003,-0.117413,-0.022339,-0.024895,-0.436213,0.000000,0.182451,0.282000,2,30,11,2,0
737,-14.677046,-0.028910,-0.043664,-0.022239,-0.452021,0.000000,0.124208,0.206000,2,15,8,2,0
738,-11.317442,-0.092250,-0.013393,-0.022724,-0.358944,0.000000,0.203674,0.286000,1,10,4,1,0
739,3.859477,-0.101016,-0.007203,-0.025161,-0.271863,0.000000,0.157774,0.250000,1,7,4,1,0
740,-37.894384,-0.079179,0.012315,-0.018975,-0.743070,0.000000,0.187514,0.258000,1,11,6,1,0
741,-124.802809,-0.032420,-0.029134,-0.022245,-1.616851,-0.004148,0.124928,0.340000,3,12,12,3,0
742,-23.636764,-0.024686,-0.062563,-0.021158,-0.529923,0.000000,0.171868,0.260000,3,20,16,3,0
743,-48.942277,-0.000000,-0.122877,-0.028414,-0.853621,0.000000,0.151517,0.290000,3,23,14,3,0
744,-21.872798,-0.111446,0.015447,-0.027905,-0.441686,0.000000,0.099872,0.194000,3,19,13,3,0
745,-45.906284,-0.135497,-0.051520,-0.027584,-0.835309,0.000000,0.186168,0.336000,1,7,4,1,0
746,-89.723297,-0.017093,-0.094352,-0.022942,-0.985405,0.000000,0.056754,0.182000,4,44,19,4,0
747,-55.842480,-0.006470,-0.084386,-0.025743,-0.740299,0.000000,0.172122,0.234000,4,27,15,3,0
748,-29.032470,-0.000000,0.186228,-0.026658,-0.739577,0.000000,0.179120,0.280000,3,17,13,3,0
749,-41.718420,-0.051750,-0.029820,-0.028203,-0.858477,0.000000,0.253010,0.320000,1,7,4,1,0
750,-31.839838,-0.055093,-0.118504,-0.027776,-0.833000,0.000000,0.222672,0.318000,2,21,10,2,0
751,-26.230024,-0.049916,-0.045329,-0.028322,-0.715089,0.000000,0.171417,0.312000,3,13,13,3,0
752,-10.935980,-0.120220,-0.065799,-0.029611,-0.290042,0.000000,0.195711,0.288000,4,29,17,4,0
753,-7.977225,-0.141224,-0.054598,-0.026888,-0.491201,0.000000,0.232327,0.310000,1,12,4,1,0
754,-19.920466,-0.098661,-0.178927,-0.030372,-0.451199,0.000000,0.188329,0.264000,2,16,9,2,0
755,-5.068582,-0.072351,-0.069433,-0.022817,-0.320127,0.000000,0.205136,0.270000,2,13,8,2,0
756,7.066793,-0.012487,-0.013580,-0.027597,-0.247022,0.000000,0.137047,0.190000,3,27,15,3,0
757,-4.817353,0.000000,0.191208,-0.023197,-0.369514,0.000000,0.187385,0.264000,2,9,11,2,0
758,-28.450894,-0.013840,-0.094912,-0.024388,-0.636363,0.000000,0.187163,0.270000,3,13,12,3,0
759,0.771074,-0.085062,0.008015,-0.026256,-0.473191,0.000000,0.195396,0.292000,3,19,13,3,0
760,-32.584652,-0.088649,-0.079707,-0.026716,-0.759697,0.000000,0.240358,0.308000,2,15,8,2,0
761,-16.256527,-0.039572,-0.033987,-0.028068,-0.531844,0.000000,0.167694,0.206000,3,14,14,3,0
762,-21.908205,-0.097503,-0.110619,-0.028180,-0.378355,0.000000,0.142290,0.232000,4,46,18,4,0
763,-36.820622,-0.047612,-0.049314,-0.021451,-0.826780,0.000000,0.173795,0.240000,3,45,14,3,0
764,-5.848261,-0.121280,-0.015201,-0.029421,-0.285113,0.000000,0.240170,0.294000,1,6,5,1,0
765,-0.599849,-0.039920,-0.069696,-0.030939,-0.312125,0.000000,0.144332,0.288000,2,35,12,2,0
766,-14.469244,-0.074919,0.137824,-0.027727,-0.305363,0.000000,0.175484,0.280000,4,42,21,3,1
767,16.705019,-0.042029,-0.055132,-0.029322,-0.235234,0.000000,0.186841,0.282000,4,23,17,4,0
768,2.778039,-0.116125,0.002271,-0.029872,-0.236833,0.000000,0.208903,0.272000,1,8,4,1,0
769,-25.344017,-0.166084,0.011103,-0.025729,-0.575609,0.000000,0.195300,0.268000,2,9,6,1,0
770,-55.705883,-0.058090,-0.016339,-0.025974,-0.785737,0.000000,0.132499,0.262000,4,25,18,4,0
771,-26.594845,-0.048320,-0.036679,-0.021420,-0.553672,0.000000,0.163121,0.280000,1,7,4,1,0
772,-38.208705,-0.122662,-0.085121,-0.029315,-0.517730,0.000000,0.169034,0.242000,2,14,9,2,0
773,-27.218780,-0.069080,-0.125398,-0.032735,-0.308479,0.000000,0.130259,0.156000,4,39,21,4,0
774,-12.263131,-0.048548,-0.080860,-0.019037,-0.532775,0.000000,0.234638,0.270000,1,10,6,1,0
775,-20.664818,-0.079280,-0.080125,-0.022761,-0.468383,0.000000,0.234061,0.322000,1,7,4,1,0
776,-19.046085,-0.122624,0.004404,-0.024389,-0.496723,0.000000,0.196711,0.268000,2,9,11,2,0
777,-9.345478,-0.077056,-0.177873,-0.027054,-0.377160,0.000000,0.198600,0.278000,3,17,14,3,0
778,-0.143400,-0.081326,-0.027502,-0.031987,-0.464313,-0.012071,0.237719,0.332000,2,11,10,2,0
779,-39.131416,-0.092123,-0.090738,-0.027366,-0.533414,0.000000,0.166606,0.202000,2,14,9,2,0
780,-31.014872,-0.130273,-0.031266,-0.031940,-0.519690,0.000000,0.176039,0.188000,4,27,18,3,0
781,-18.601999,-0.062434,-0.186811,-0.027326,-0.313296,0.000000,0.152073,0.162000,3,15,15,2,1
782,-43.607441,-0.057950,-0.137434,-0.028235,-0.590124,0.000000,0.149631,0.138000,3,20,13,3,0
783,-25.451339,-0.097224,-0.098495,-0.029459,-0.410867,0.000000,0.146320,0.230000,2,8,8,2,0
784,-26.679910,-0.057401,-0.048417,-0.027912,-0.518913,0.000000,0.219799,0.170000,2,7,8,2,0
785,-25.137762,-0.080377,0.109477,-0.029201,-0.298670,0.000000,0.155375,0.192000,5,20,23,5,0
786,-34.961778,-0.144706,0.019029,-0.032403,-0.262624,0.000000,0.086265,0.148000,5,31,21,4,0
787,-34.851439,0.000000,-0.247786,-0.034424,-0.353743,0.000000,0.055453,0.122000,6,26,25,6,0
788,-39.113463,-0.118063,-0.297970,-0.035747,-0.239329,0.000000,0.102820,0.144000,4,25,19,4,0
789,-44.049617,-0.090337,-0.079810,-0.031283,-0.344585,0.000000,0.106525,0.162000,4,16,17,4,0
790,-27.482244,-0.000000,-0.094305,-0.029800,-0.422471,0.000000,0.127300,0.214000,5,30,22,5,0
791,-32.522770,-0.183398,-0.140989,-0.032604,-0.316277,0.000000,0.125274,0.186000,5,46,22,5,0
792,-28.136056,-0.109539,-0.108350,-0.029445,-0.343889,0.000000,0.139183,0.152000,2,9,8,2,0
793,-35.066639,-0.124197,-0.106116,-0.021974,-0.430789,0.000000,0.208315,0.224000,3,13,13,3,0
794,-57.552414,-0.090625,0.101559,-0.021031,-0.636395,0.000000,0.158518,0.154000,5,28,22,5,0
795,-8.074883,-0.083575,-0.035973,-0.030233,-0.336401,0.000000,0.220535,0.224000,3,10,11,2,0
796,-19.765411,-0.214956,0.070193,-0.025591,-0.346909,0.000000,0.239262,0.190000,5,22,18,4,0
797,-10.068401,-0.093692,-0.057726,-0.023889,-0.348829,0.000000,0.199792,0.272000,1,5,5,1,0
798,-26.258632,-0.105201,-0.203169,-0.029291,-0.371524,0.000000,0.255170,0.270000,3,11,13,3,0
799,-41.930748,-0.139741,-0.143891,-0.031571,-0.499793,0.000000,0.124535,0.168000,5,26,22,4,0
800,-38.288686,-0.067884,-0.174697,-0.028440,-0.517638,0.000000,0.209379,0.238000,4,15,17,4,0
